title,link,createdTime,modifiedTime,articleContent
marabouts,https://www.douban.com/note/806819119/,2021-07-03 19:13:50,2021-08-03 21:31:04,"<p></p><div class=""image-container image-float-center""><div class=""image-wrapper""><img height=""auto"" src=""https://img9.doubanio.com/view/note/l/public/p83066437.jpg""></div></div><p></p><div class=""image-container image-float-center""><div class=""image-wrapper""><img height=""auto"" src=""https://img9.doubanio.com/view/note/l/public/p83066447.jpg""></div></div><p></p><div class=""image-container image-float-center""><div class=""image-wrapper""><img height=""auto"" src=""https://img9.doubanio.com/view/note/l/public/p83066449.jpg""></div></div><p></p><div class=""image-container image-float-center""><div class=""image-wrapper""><img height=""auto"" src=""https://img9.doubanio.com/view/note/l/public/p83066454.jpg""></div></div><p></p><div class=""image-container image-float-center""><div class=""image-wrapper""><img height=""auto"" src=""https://img9.doubanio.com/view/note/l/public/p83066490.jpg""></div><div class=""image-caption-wrapper""><div class=""image-caption"">“图像朝我们而来，沄沄而过，像事件和偶遇的过客，像空中划过的飞鸟。那鸟群，可以成为预兆和信号。这是偶然、奇迹的相遇。”</div></div></div><p></p><div class=""image-container image-float-center""><div class=""image-wrapper""><img height=""auto"" src=""https://img9.doubanio.com/view/note/l/public/p83066501.jpg""></div></div><p></p>"
白糖,https://www.douban.com/note/806251653/,2021-06-27 04:03:28,2021-06-27 17:34:28,"<p></p><p data-page=""0"">翻开大海有两颗方糖
那是船长搅动的蓝色</p><p data-page=""0"">金汤匙在骨瓷里翻涌
回忆的发梢，溢出多余的甜</p><p data-page=""0"">欲把新帆卸了，作成葵扇
可思念一望无际，连浪花都是新熬的</p><p data-page=""0"">她不敢再去细想，
这骨瓷里的骨，难道也是她吗</p><p></p>"
一些游戏网站,https://www.douban.com/note/789384426/,2020-12-27 18:46:38,2021-07-11 17:43:24,"<div class=""highlight-block"" data-page=""0""><a class=""link"" href=""https://www.notion.so/e6fa57bb62204951bfc113371c989114"" rel=""nofollow"" target=""_blank"">Link</a></div>"
【译介】Bernard Lahire | 冒险解读,https://www.douban.com/note/789196230/,2020-12-25 19:56:31,2021-01-20 00:32:46,"<div class=""introduction""><p>以前写作课比较喜欢的一篇文章，讨论了质性研究中的解读问题，作者批评/吐槽社科名著的部分（C、D、E三段）比较有意思。
约8600字，权当翻译练习，随便看看。</p></div><h2 data-page=""0"">冒险解读  Risquer l’interprétation</h2><p data-page=""0""><span style=""font-weight: bold;"">社会科学中的解读得当和过度解读</span></p><p data-page=""0"">Bernard Lahire 

</p><p data-page=""0"">按社科研究者的一般说法，阐释似乎只是口味和风格的问题：每个人都可以宣称有权对事实给出自己的阐释，而个人的解读终归是不能讨论的。因而任何想要探究阐释的启发性或实证合理性的人，似乎都在与研究者的基本阐释权和民主解读权为敌。简而言之，当研究者把阐释的差异作为一种不需要承担任何理论、方法或实证义务的基本权利加以呼吁时，“解读”就成了回避反对意见，提前结束科学辩论的把戏。而这种做法无疑是在为各种形式的科学无差别主义开路。</p><p data-page=""0"">事实上每位研究者阅读科学文本时都有过这样的感受：在现实的科学研究中（不是理想化的或那种“纯粹”研究的次级市场），有些解读言之有理、一针见血、令人信服，另一些则马马虎虎不如人意。</p><p data-page=""0"">这正是我们在社会学、历史学或人类学学生的研究中常有的感受。任何有职业素养的老师都会予以纠正，在研究论文的页边，写上严厉的批评，不断地指出学生解释上的轻率、笨拙、“不着边际”、证据缺失、论证不充分或经验不够。那么，那些业已通过招聘这种制度逻辑，跨过门槛的人，为什么就不能接受同样的批评和纠正呢？既然这样的指正对学生来说是顺理成章必须服从的，为什么我们，不能对他们（教师）采用同样的标准呢？为什么我们对学生要求规范，对同行则别有偏袒呢？</p><p data-page=""0"">与其让解读一词滑入煽动性的用途，我们可以尝试厘清社会学中解读的定义（广义上，包括所有研究社会的学科），并把解读和自由的阐释学世界区分开来，与原生的、失控的、不受实证约束的解释区分开来。要知道，社会科学的调查充满了解读行为（线索解释、统计相关性、话语的解读、痕迹的解读、筛选或编码材料等等）。而好的调查研究，在每一个环节里都会有解读。

</p><h3 data-page=""0"">A.解释的权利与义务</h3><p data-page=""0"">当解释(论点)满足以下四点：1)是以实证材料为基础；2)尽可能准确地给出选择材料的理论依据，以及材料的产生方式；3)能明确指出“测量”(观察)在时间和空间上的具体背景；4)能阐明，在原材料基础上，得出研究结果的方式(数据处理的方式，如果可能，科学写作的类型)，我们则能称之为科学的。</p><p data-page=""0"">所以说，解读行为并不是在实证之争之后才有的，而是时刻发生在“数据”产生之前、之中、之后。“数据”恰恰从来都不是无据的（des « données » qui ne sont justement jamais données），而是由一系列解读行为构成的。而且不难看出，“解读事实”这样的表述与社科研究者的实际工作相去甚远；前者给人的印象是，研究者面向“事实”作出“思考”，是终极的解读者。</p><p data-page=""0"">社会科学调查工作要成功，首先需要解读工作在研究的各阶段精细和准确地落实，不论是用前瞻还是回顾的方法。当某些行为“盲目”实施的时候，必须事后评估这个行为对研究的影响，才能明白实施的那一刻发生了什么。社会学知识，只有在后续研究逐步积累的基础上，通过不断地预测未来、反思过往，改良研究步骤，才能产生和推进。因此，和课本上的假说演绎模式相反，不同的研究阶段决不是分割开来的。实际操作中，我们甚至可以说，调查的任何时刻都毫无问题，以便更好地理解在其他时刻所做的事。</p><p data-page=""0"">社科研究者与其无休止地争论这个或那个概念、这个或那个范式的价值，不如去输出和讨论具体的、解释性的研究步骤，因为往往在调查最微不足道的时刻，最有力的论点却得不到支撑。从这个角度出发，我们便从伪民主地带——没有实证束缚的野生解释空间，来到了受实证约束的解释领域——有预判和反思性反馈控制的社会学范畴。

</p><h3 data-page=""0"">B.什么是过度解读？</h3><p data-page=""0"">显然，我们可以根据解释的严密程度，或研究的各个时刻展开的社会学推理力度，以及解释材料的数量和范围，来区分不同的解读(基于仅仅单个访谈的“论文答辩”是可能的，前提是研究者在调查问卷、访谈、观察和分析文件的基础上发展出清晰连贯的证据网络，他的论文只会因此更有说服力)。有些解读相比其他是不贴切、不充分的。而那些无力、轻率或不充分的解释，我们便可之为过度解读。</p><p data-page=""0"">什么又是过度解读？是不是每种解读，都是某种意义上的过度解读？人们会这么想，那是因为社科学者，即便其中最“善解人意”的，一般都会比受访者赋予其行为更多的意义。而受访者哪怕是在评论时，也很少赋予其含义。然而，相较于受访者对他所做、所感、所知赋予的意义，我们又不能把过度解读定义为意义的多余部分。因为这样的话，就会有这样的风险，即不得不以过度解读为由，拒绝所有不合受访者心意的解释，并把这个解释当作误解。如果受访者在科学上有拒绝某些解释的权力，那么就应该阐明他们的角色是如何在论文中发挥作用的[1]。</p><p data-page=""0"">然而，当受访者阅读有关自己的活动、生活等方面的研究报告时，往往会觉得这些解读与自己所经历的事情不符，并扭曲了自己所知和所感的现实。受访者还可能觉得研究者夸大了他社会活动中的某些特征、行为和方面等等，那些他们认为是次要的、附属的部分。更糟糕的情况是，经验告诉我们，当受访者拿到最平实的、不加评论的口述记录稿时，他们并不总是能认出自己说了什么（“我没说过这个”、“我不是这样说话的”等等）。虽说社科研究者不应该对受访者就研究成果的这些反应无动于衷（研究者需要理解这些反应，将其作为理解模型中某些特征的指标，甚至借此机会充实他的分析），但毫无疑问，我们不能让受访者来决定解读的“好”与“坏 ”、“对”与 “错”[2]。</p><p data-page=""0"">归根结底，当社会学家工作得当时，他提出的事件、行为和再现的意义等等总是构成一种冗余，一种对社会世界中已有的通常说法或解释的补充。因而解读相较于通常的解释而言（实践或反思的）总是过度的：选择奇怪的比喻，选择强调社会现实的某个方面，选择某个特定层面的语境等等，都是为了陌生化我们和受访者眼里的世界，毕竟现实往往过于明显以至于我们不再真正地留意到它，但我们要谈的显然不是这种过度解读。因此，为明确起见，我们来区分三种类型的过度解读：</p><div class=""highlight-block"" data-page=""0"">——脱节于解读情境而导致的过度解读（类型1）。</div><div class=""highlight-block"" data-page=""0"">——研究者面对研究材料的情况，和受访者的情况之间存在不客观的、失控的、未加纠正的差异，由此产生了过度解读（类型2）。</div><div class=""highlight-block"" data-page=""0"">——两种因素结合产生的过度解读：一方面是为证明使用的理论模型的相关性而提供过多的证据，另一方面则是过于“文学”（在写作过程中），用大量“完美”的例子产生“证据效应”，这与实证调查中通常会有的例子和反例不符（类型3）。</div><h3 data-page=""0"">

C.解释脱节：第一类过度解读</h3><p data-page=""0"">当作者所依据的材料（在数量和质量上）不足以支撑他提出的论点时，就会出现这种类型的过度解读（类型1）。我们会有这样的印象，即解读与被解读的情况是脱节的。这种解释上的赘疣，让我们觉得作者偏离了他掌握的材料，“做过头了”。</p><p data-page=""0"">任何研究者/教师都不难发现这种过度解读的例子。这恰好表明了，使理论评述服贴于已有的材料、测量和线索是多么的困难。这种类型的数据解读脱节在学生研究者中非常常见，他们往往给出，相对于研究的信息类型或数量来说过于笨重的解读，却无力把握（或掩盖）它。有些解读可能仅仅基于非常简短的互动片段、访谈的一小节或材料的一小部分。受访者的言语互动或谈话是否会因另外的解释而变得更有道理，又该如何抉择呢？在其提供的材料里，没有能帮助我们更进一步的，因为任何解读都不能以单一的材料的片段为基础。要着手解读，内容必须基于反复出现在言语互动中的例子，（例如，指出受访者常出现的某种态度），基于访谈中证实的言语互动，基于受访者同访谈者和访谈情境的关系、与其他受访者的访谈、书面资料等等。</p><p data-page=""0"">于是就有这样的问题，即上述现实情况在多大程度上影响了解读。研究论文的作者往往把解读方案当作普洛克路斯忒斯之床 （lits de Procuste），把收集到的薄弱材料强行纳入解读[3]。在案例研究 （étude de cas）中特别需要注意[4]，越多在理论上采取可比较的多重实证措施，就越少有过度解读的风险。研究者可使用的数据增加，能让不同的解读线索“紧密地交织在一起”。我们必须考虑到这里不菲的解释性收益，就每个小的分析点而言，这些众多的信息要么相互确认，要么相互矛盾；人们能对所拥有的部分信息的可靠性提出合理的质疑，而质疑这种解读的可靠性，若被视为解读工作的一部分，则能重新推动分析或在整体上丰富解读。</p><p data-page=""0"">不同解释的相对价值不仅取决于解释的好坏或内在的力度（甚至可能没那么重要），还取决于是否正确使用现有的数据。而这正是关于解释良机 （kairos interprétatif）的科学，关于解读机会的科学；关于在哪个分析时刻，基于解读的材料，能够实施何种推演的分寸感，成为社科研究者的要义则在于把握这种分寸感。</p><p data-page=""0"">技术-职业（学术）风格的特征则是解释话语相对于原材料的通货膨胀，即那些在实证数据生产或数据处理方法方面无关紧要，但冗余浮夸的解读（尤其是没有任何特别的好处）。

</p><h4 data-page=""0"">c.1消费社会</h4><p data-page=""0"">Jean Baudrillard 的著作《<a class=""link"" href=""https://book.douban.com/subject/1089142/"" rel=""nofollow"">消费社会</a>》就是理想的例子。同作者其他散文风格写就的文章不同[5]，此书明确地属于社会科学领域[6]。副标题灵感直接来源于当时的结构主义风潮，参考了“真实”的场所、物品、社会现象或社会情境（药店、Parly2商城、越战图像前放松的观众、电视或广播中报道马路上死者的新闻、气象、污染、开着雪铁龙2 CV的富人、洗衣机……），搭配统计数据（按职业分类统计的死亡率，扩大的家庭消费……），所有这一切都使该书扎根于社会科学的文本领域。</p><p data-page=""0"">然而，这些例子并不能构成研究素材（corpus），因为我们并不知道这些例子被筛选时的理论标准。作者的解读基于一些编造的、虚构的例子和从“时事”（广义上的）中提取的“陈词滥调”（clché）。却没有实证的（有日期、地点的）事实记录。提起这些时事（比起理论把守、系统架构的研究素材）唯一的作用就是产生现实的效果（effet de réalité）。事实上，我们在书中并没有找到任何经验证据，而只有关于社会世界的信息，如同戏剧布景一般组合在一起。换言之，作者对消费社会的解读并不基于实证材料，而是通过唤醒未经建构的经验来说明的，这种话语并没有调查的精神和实践。由于缺乏实证的锚定，对那些热衷调查精神的读者来说，这本书给人的印象如同想法的空中楼阁，从未打下地基，就像盘旋在池塘的表面的云雾。</p><p data-page=""0"">这种过分强调语言表达的写作，很多时候意味着作者满足于把时代潮流中的普遍主题（新闻、广告、政治、哲学......）翻译成学术、哲学、美学或诗意的话语，以散文的技巧来弥补经验数据的不足——或者说是匮乏。他自然能够吸引那些人，使他们对偏爱的主题保持幻想（Il peut alors séduire les acteurs dont il flatte les thèmes de prédilection） [7]。

</p><h4 data-page=""0"">c.2上帝-电视</h4><p data-page=""0"">这样漫画式的例子，可能给人过于方便的印象，说这种解读方式是十分边缘的，我们无意停留于此。我们还可以讨论另一种局部的、一时的过度解读，这种情况并不会影响文本整体。与前面例子不同，我们接下来要评论的著作，是具有探究精神和反思性的，是有关观察方法实施的作品，即 Olivier Schwartz 的《工人的私人世界》（Le Monde privé des ouvriers）[8]。</p><p data-page=""0"">在某些有损文章整体风格的段落中，作者也不免做出相对于实际情况脱节的解释。在这些段落中，他试图理解在社会底层中（milieux populaires 中性统计名词，没有贬义）一些可以观察到的有关电视的活动的意义，比如让电视机持续开着。</p><p data-page=""0"">每次提到电视，作者的言语表述就开始膨胀。家庭生活场景是围绕着电视机展开的，读者从这样的描述中感受到了脱节。例如，作者写道：“具体来说，我也想到了那些电视机，在很多家庭中，尽管没人看，却是一整天开着的。当有客人来了，主人让他坐下，请他喝水、聊天，而电视则继续运作，却没有人听，也没有人想要关掉电视。电视的图像和声音继续流动充满了空间，而恰恰是通过不间断的流动，通过包裹性的视觉和声音的连续体，电视发挥了近似供养的功能，并保证用感知或幻觉的刺激，永久地滋养身体。电视是现代工人阶层家庭的神明之一。[9]”电视的图像和声音充斥着整个空间，这难道不是研究者自己的印象吗？对专注的他来说，这是个事件，但对心不在焉的房主来说则不然，这不更像是 Richard Hoggart 在英国工人阶级[10]中观察到的懒散消费和“知取舍”模式吗？我们还可以问问这样的说法有什么启发，突如其来地强调电视的“供养功能”，或者使用“神”这样的比喻，神神秘秘的又有什么好处。</p><p data-page=""0"">同样的阐释风格在书中的别处也能见到，当提及身体接受图像时“感知的饱和”，我们发现了同样的假设，作者接着补充说，“不间断流动”的图像 “把观众置于被动的纯粹享乐” [11]。我们可以再一次质疑，有什么理由用“被动的享受”来描述接收电视图像的过程呢？要知道，接收一词虽常有被动的意涵，但和我们习以为常的相反，任何文化接收行为都是主动的[12]。人们面对电视影像的被动性是一个反复出现的主题，后者由反对电视的“文学卫士”发起，在新闻或散文式的文艺论战中十分普遍，但与其用学究话术把这个主题包装起来，更应当将其视作研究对象。</p><p data-page=""0"">回到文中，神明的说法又再度出现，但这次电视不再仅仅只是工人阶级家庭的神，还成为了所有家庭的神明：“作为现代家庭最基本的神，电视以非常明确的方式象征了此处的美德，即通过增加‘在场效应’来维持和保证需求[13]。”此时，读者清晰地感受到这个由薄弱的素材发展出来的解读是多么的累赘。

</p><h4 data-page=""0"">c.3写作课</h4><p data-page=""0"">Claude Lévi-Strauss 在《<a class=""link"" href=""https://book.douban.com/subject/1393447/"" rel=""nofollow"">忧郁的热带</a>》[14]中讲到，有次他和几个南比克瓦拉人（Nambikwara）一起去旅行，途中带了打算送给客人的礼物。旅程结束的时候，发生了“一件特别的事”。这激发了人类学家的想象力，使他长篇大论了一番，议题涉及书写的用途和功能，还有权力和知识等等。</p><p data-page=""0"">Lévi-Strauss 讲到，他把纸和笔分给土著，起初他们并没有当回事，但有一天，他们“在纸上画出波浪形的线条”，试图像他一样 “使用铅笔”。大部分人都“浅尝辄止”，但“部落首领却看得更远”。甚至在详细描述的 “特别事件”之前，Lévi-Strauss 就给我们解读了那天发生的事情：他认为了酋长比别人“看得更远”，因为后者能轻松“理解书写的功能”。</p><blockquote data-page=""0"">因此他向我要一本笔记本，我们人手一本，便开始一起工作。我向他提问时，他不口头上回复我，而在纸上画写波浪形线条，拿给我看，好像我得读懂他的回答似的。他几乎都信了自己的把戏；每次画完一行，便相当紧张地盯着那线条，仿佛意义会一跃而出，但每每露出一脸失望的神情。然而他并不罢休；我们之间有默契，他认定那鬼画桃符有意义，而我则假装看得懂；幸好他一般会同时加上口头说明，省的我去求他解释意思。</blockquote><blockquote data-page=""0"">他把部落的人集合起来以后，便马上从篮子里面取出一片画满波浪形曲线的纸，开始假装读上面的内容，并有意犹豫了一番，开始查对我要拿出来回礼的清单：给某人送的弓箭回礼一把砍刀；给某人送的项链回一些珠子……这场闹剧足足持续了两个钟头。他到底期望什么，把自己也给骗了？有可能，但更可能的是他想让同伴大感惊讶，要让他们深信他是交易的中间人，与白人结成了联盟，并分享白人的秘密。（结合原文修改了王志明的译本 p.361）</blockquote><p data-page=""0"">Lévi-Strauss 在不同的段落中，把这一幕形容为“闹剧”或“骗局”，正是这场面促成了“恼人的气氛”。而通过回忆那晚目睹的场景，他开始解读整个事件。首先，就当时的场景，人类学家解读到，写作的“目的是社会学意义上的，而不是知性层面的”：“这无关认知、记忆或理解，而是以贬损他人为代价来提高个人或职权的威望和权力。一个仍活在石器时代的土著也猜得到，用来理解的伟大工具，即便他不理解，也能用来实现其他目的。”然后，紧接这简短的评述，Lévi-Strauss 勾勒出了关于书写功能的普遍理论基础，从对南比克瓦拉生活场景的人类学描述和解读，转向了更为广博的关于书写的思考，我们在此不作评论。</p><p data-page=""0"">Lévi-Strauss 并不接受这样的假设，即认为文字主要的功能是“智识”（认知）或“审美”的。对他来说，文士（scribe）是“更有优势的人”。文字的发明和使用与“城市和帝国的形成”紧密相连，“即把众多个体纳入政治体系，并以种姓和阶级划分他们”。文字“似乎善于剥削那些矇昧之人”，其“主要功能”是“方便奴役”和“巩固统治”。从东巴基斯坦、埃及、苏美尔、中国、非洲、前哥伦布时代的美洲，到十九世纪的欧洲国家，在这些例子里，Lévi-Strauss 甚至把“扫除文盲”和“义务教育”（“与兵役制的扩张和无产阶级化现象同时出现”）视为“政权加强公民的控制”的要素。</p><p data-page=""0"">回到事件本身，Lévi-Strauss 最后赞赏了那些土著“一根筋”（fortes têtes）的智慧，他们懂得在“酋长试图打出文明牌之后”同他决裂。其智慧在于“糊里糊涂地明白，文字和阴谋诡计一道渗透进了部落”；Lévi-Strauss 补充道：“他们还会给自己找一片偏僻的村落，以求得暂缓的时机。而与“一根筋”的智慧相对立的，则是 “酋长的天才”，他 “一下子领悟到了文字能给他的权力带来帮助”，从而在“不明就里的情况下”把握了“制度的要义”。</p><p data-page=""0"">Lévi-Strauss 让演员就位（善良又狡诈的野蛮人南比克瓦拉），出演他们并没有经历过的戏剧：一根筋但智慧的土著——所谓“真实社会”的形象——能通过直觉，感受到文字实质中的压迫性和随之而来的阴谋诡计；天才的酋长，能眨眼之间掌握书写的要义，而后者的主要社会功能是奴役和主张权力。他的解读过度地榨取“数据”(对日常生活中不寻常场景的描述)，并大大地超出了数据允许的阐释范围。如果说服装和布景皆出自南比克瓦拉，那剧本和导演则是 Claude Lévi-Strauss。人类学家提出的书写理论并非基于民族志材料，而这个场景似乎只是他发表观点的借口。比起把观察到的一系列行为，同其他或类似或不同的事实相连，作者更想把这个场景构建为一个寓言[15]；比起精确地研究那天在南比克瓦拉中发生的事，作者更愿意把这件事当作关于书写和权力的教训。也就是说，我并不觉得 Lévi-Strauss 在这里的解读是观察的产物，而是他以这个场景为托辞，构建事件（“特别事件”），展开的一般和普遍的书写理论，其意义在调查之外。Jacques Derrida 作为一位精确而谨慎的评论家，在《<a class=""link"" href=""https://book.douban.com/subject/1292308/"" rel=""nofollow"">论文字学</a>》一书中指出了 Lévi-Strauss 所做的过度解读，他写道：“‘特别事件’的单薄事实和书写哲学的宏大广博之间，有巨大的鸿沟……事件仅此一点却在支撑宏伟的理论大厦。[16] ”我们还可以补充道，他讲述的事件在其理论评述的重压下分崩离析了，而后者几乎没有任何实证支持[17]。

</p><h3 data-page=""0"">D. 研究者和受访者之间失控的差异：第二类过度解读</h3><p data-page=""0"">第二类过度解读的特点则是，解读时忘记行为者（les acteurs）行动、思考、观看和感知的现实状况，忘记学者视角（学者认知世界的条件）与日常视角（普通人认知世界的条件与生活状态相关）的差异。此时，研究者忽略了自己与被研究者在视角和环境上的差别，继而假借后者“大于”（或者说不同于）他们实际拥有的能力，不论是视觉、听觉、感觉，还是认知上。最后学者再把自己与知识对象的关系，当作认知主体，投射到研究对象的脑袋里（表象、知觉结构等）。</p><p data-page=""0"">我们能在 Pierre Bourdieu 的<a class=""link"" href=""https://book.douban.com/subject/3841496/"" rel=""nofollow"">作品</a>里看到他对上述认识论的反思。他反对理智至上（intellectualisme），反对“把知识分子与客体的关系引入到客体中”，反对“用观察者与客体的关系代替‘实践中实践’的关系 ”（substituer au rapport pratique à la pratique le rapport à l’objet qui est celui de l’observateur）[18]。 虽说研究者与被调查者世界之间失控的差异导致了过度解读，但是，并非所有的过度解读都涉及到行动与知识的区别、实践感（sens pratique）与反身性（réflexivité）的区别、实践中实践与理论上实践的区别、科学时间迫切与永恒的区别等等。</p><p data-page=""0"">例如，Paul Veyne 讲过为纪念112年达契亚战役的胜利者[19]——皇帝图拉真（98-117），而在罗马建造的图拉真柱。 其上的螺旋形浮雕装饰表现了达契亚战役的各种场景，有学者解释说这些场景是帝国的宣传艺术，但 Veyne 认为这种说法是不足为据的，因为这些图像，不论是建筑还是空间上，对当时的公众来说都是不可见的。学者有办法在原有的空间背景之外再现这些场景，他们能在长约15米的画布上观看这些图像，而在此之前没人能这样观看。这些图像只对学者来说才是可见、可描述和可分析的[20]。联想到宣传艺术，则是解释“过头了”，最终贻误了解释。（<a class=""link"" href=""https://www.douban.com/note/787091898/"" rel=""nofollow"">见另一篇译文</a>）</p><p data-page=""0"">同样，在希腊哲学文本的当代注解中，有多少过度解读忽略了希腊人“用连写字（criptio continua）书写的事实，也就是说，字与字之间没有间隔。而根据经验，高声朗读实际上是必不可少的”[21]。Jesper Svenbro 在一篇出色的历史人类学文章中就强调了这样的事实：对于古希腊人来说，如果没有朗读的声音，书面文本就显得不完整。而且，在朗读的那一刻，声音不再属于读者，而是属于文字，因为朗读是文本的一部分。在这样的再现结构中，声音是为文本服务的，而发声者是受支配的：“只要能找到可以屈服的读者，写，就是支配、主动和胜利。人如果去读（不是奴隶的读者显然可以自由地拒绝朗读），就是服从于写者的字迹，就是受人支配，就是沦落为败者的地位，就是要服从于写者这个隐喻的爱者（éraste）。如果说写是光荣的，那么读就不一定没有问题，而是被当作奴役和“被动”（承受写的人是“被动”的）。[……]因此，我们可以认为，就像柏拉图在《泰阿泰德篇》说的一样，读，这个希腊人心甘情愿留给奴隶的任务，必须有节制地进行，以免成为恶习。读者如果想保持自由，摆脱他者的约束，最好不要认同自己的角色。最好保持「tà grammata phaûlos」，保持‘弱读’，即能读，但不多读。[22]”很明显，接受文本的条件（以及由此展开工作的条件）是不同的，这取决于文本是用嘴朗读还是用眼默读，这也取决于阅读行为对阅读者的意义。因此，我们现在不仅以不同于希腊哲学的文化趣味阅读希腊文本，而且还能通过朗读以外的方式和其他知识技术去研究文本，而这些再现方式更不受控制，我们对此却熟视无睹。结果便是，在注解中，评注家往往忘记当代学术处理文本的模式与当时读者处理文本的差异。</p><p data-page=""0"">人们总是犯相同的错误，用“文学”的方式处理和评论并非文学的文本。例如，古希腊的口述诗就绝不是一种文学体裁。古希腊人在特定的仪式或典礼语境中吟诵诗歌，是有实际的社会功能的（宴请时奠酒的祭文和爱情的颂歌……），这些诗根本就不在书面文学的意义生产回路中。书面文学的对象是读者而不是听众，人们在沉默中独自阅读，文本的阐释学模式才得以成立[23]。神话的符号学研究或希腊颂诗的文学研究，都属于过度解释的错误，学者忘记了神话-仪式的现实或唱诗的具体存在条件；不论神话还是颂诗都需要更务实、更符合语境的分析[24]。而且，当研究者把当代的文学、科学或哲学的分析范畴放在当时的文化情境上时，则会扁平化文化的一切表现和流传形式，客观上地站在那些处于事件核心的人一边，历史地走向文学、科学或哲学的发明工作。因此，对当时文化产物的文学、哲学或科学的过度解读都遗漏了研究对象的重要部分。</p><p data-page=""0"">这种把神话、诗歌或哲学文本的流传、传播和挪用的实际条件放置一边的评论，正是一种类型的过度解读（类型2）。研究者没有在解读工作中考虑行为者是在何种实际条件下行为、感受和思考的，而是在科学上非法地转移了研究的文化产物[25]。此时，研究者采用的方法更接近于艺术（创造），而不是社会学：关于神话、抒情诗或哲学文本，他说的是那些拥有当代知识和图像技术的人可以说的、做的，却没有说这些产物对当时的行为者来说是什么（文化产物的发表和传播方式等等），而这才是社会学、人类学或历史学研究的目的。</p><p data-page=""0"">我们可以把这样的例子称作时代错置（anachronisme），因为确实如此，但这还不足以准确地说明问题。这实际上是一种特殊的时代错置，研究者忘记了文化产物在行动、表现和接受层面的物质条件，而当事人正身处其中。因此，为了避免这一类的过度解读，我们有必要特别关注对象、行为、姿态（gestes）和情境的物质性。尽管常常只是提及或一概而过，我们必须再次强调社会科学工作中对现实精细描述的重要性。</p><p data-page=""0"">历史学家通过评论图像来研究图拉真柱，仿佛普通行为者也可以看到这些图像，而实际上图拉真柱的大小和空间位置决定了他们什么也看不到；学者阅读诗歌、希腊神话或哲学文本时，其方法、共识和知识技术实际上有别于当时的读者和阐释者。以上两例过度解读，让我们联想到那些有修养的博物馆参观者，不论他们热情还是懒散、匆匆忙忙还是专心致志，都可以获得艺术专家提供的艺术史知识；而那些心不在焉或沉浸其中的电影观众，在厨房忙碌或被影片吸引的电视观众，都可以从符号学家那里学习符号解读的技能和文化，类似于他们在电视节目或文化节目中学到的那样。然而，在大多数时候，不论是公众实际拥有的技能（这些技能并没有在社会上均匀分布，特别是在这些领域，仍然是极少数人的特权），还是接受信息的实际条件（例如，符号分析需要长时间的学习和研究，而普通观众只是随着影像流动，实时观看电视），都使得这种自发的符号学视野或用艺术史武装起来的图像分析成为一种奢望。这个判断对城市艺术（art urbain）来说更为贴切，对人们来说，城市艺术在审美层面不再是艺术，而只是日常生活的装饰罢了。</p><p data-page=""0"">对作品（图像、文本、建筑等）有丰富学识的研究者，当然会对实际的接收行为（在特定的社会、特定的时间、特定的物质条件下的接收行为）感到失望。因为这必然是不够深入、不够丰富的，甚至还常常陷入历史误读、时代错置中，需要缝缝补补的解释工作[26]。专家评点的作品核心要素，外行往往兴趣寥寥；而外行品味的特点，在专家看来又是次要和额外的。为此，他们难免失望。

</p><h3 data-page=""0"">E.过多的完美例证：第三类过度解读</h3><p data-page=""0"">下面的例子仍然属于过度解读吗？我们可以保持怀疑。探究精神在很大程度上激励了研究者的创作，他并没有过度榨取数据，使评论与经验支撑脱节（第1类过度解读）；也没有忽视被调查者实际、具体的行动条件（第2类过度解读），而是编织了严密的证据网络，使解读力盛不可辩驳。 这里的问题几乎与第1类过度解读的问题相反：在第一种情况下，“数据”是不足的，考虑到作者调用的经验材料的数量、质量和性质，他给予的解读令人遗憾；而后一种情况则相反，一方面我们质疑，为了“作证”，也就是为了证明使用的理论模型可靠，而过度产生所需部署的手段，另一方面我们也质疑这些手段本身的性质（或逻辑）。</p><p data-page=""0"">社会学家强行巩固，乃至加强自己的理论，会逐步扭转科学的正常进程。理解和解释社会事实的愿望，总是让理论面临各种适应和转变，甚至在某些情况下，还会让理论遭到激进的质疑；而当这种愿望转变为欲望，不论自知与否，研究者将渴望管理他的概念财产。这种欲望将逐渐使他避免“看到”可能存在的反例，因为后者或许与他漂亮的理论结构相悖。就目前的情况来看，无论我们喜欢与否，竞争性的科学空间都会导致对自己理论的辩护[27]，而这种辩护又会导致理论的封闭和对事实的否认。上述逻辑最终将把我们引入解读的独断主义之墙，因此，必须用调查和直面“事实”多样性的逻辑，认真地控制和阻碍这种想法。</p><p data-page=""0"">下文我们将探讨 Pierre Bourdieu 的《区隔》。这是专门选择的特殊案例，它因为用于证实模型的“证据”过多而导致过度解读。作者倾向于不断地“补充”例子，让各类元素鱼贯而入，但仅仅放行那些有利于他的理论模型，使解读更中肯的元素。

</p><h4 data-page=""0"">e.1在学术范畴和日常范畴之间</h4><p data-page=""0"">首先，Bourdieu 在探索如何组织证据时，常常会编织严密的网络，身处其中的读者最终将不能区分什么是属于社会学家的，什么又在常识的范畴之内。 Bourdieu 把生活方式的差异归结为形式与实质的概念对立，由此凭借那些与他“物质上相似”的被调查者同音异义的话语，来尝试证明这种对立的相关性。Oswald Ducrot 在他“脱语（délocutivité）”的现象研究中，观察到了这种“从语言到元语言的诡秘转变”[28]。这位语言学家注意到，《区隔》作者使用的语言从日常的，比如说一道菜是“营养的”、“丰富的（substantiel）”，不当地转向了哲学的，也就是社会学的，比如“实质（substance）”的概念。</p><p data-page=""0"">同样的分析也可见于以下概念的对立：自然/文化（“这是自然的”）；是/似乎（“不装模作样”、“不客套”等）；物质的/象征的（“世俗的食物”、“普通的食物”、“物质的食物”）。我们不再知道解读是否可靠，因为这种解读以学术的方式大量重复日常的认知范畴。这些范畴往往取自听过千百遍的表达方式，几乎太容易让我们“听懂”，以此产生“真实的效果”。读者最终会迷失在琳琅满目的范畴中，迷失在语言学家精心剖析的微型语义转变的迷宫里。读者为写作的精湛技艺所累，已经无法区分语言的不同语域：社会学分析、以日常范畴感知和理解的社会世界的现象学描述、引语（有引号的）还是准引语（无引号的）。</p><p data-page=""0"">当作者巧妙地混合了理解社会世界的日常范畴（仍然是有待解释的范畴）和学术范畴时，人们不禁质疑，证明社会学的解读有效，是否靠的是不间断的语义转换。书中的许多段落几乎太像我们有关大众、小资产阶级和资产阶级的神话了（文学和电影）。布氏似乎有时为了提及大众，会在写作中采用一种拉伯雷式的腔调（“男性身体有力量，巨大而强壮，有着庞大、专横和残酷的需求，而男性身体的实践哲学，则全体现在这种阳刚的持身方式中”[29]； “肉，典型的强壮食物，给人以力量、活力、血液和健康，是男人的食物”[30]；等等）。我们可以看到他风格上的膨胀。</p><h4 data-page=""0"">

e.2量身定制的范例</h4><p data-page=""0"">当作者正处于现象学描述和（动作/语言）行为的社会学分析之间时，常常会发生学术范畴和日常范畴的混用。这就有了所举例子是何种地位的问题，作者只是随意地提及这个场景，还是在仔细地描绘它？在绝大多数情况下，布氏所描述的场景都是经过敏锐观察的，但这些场景并非来自对行为的系统观察研究，也不属于用理论和方法建构的材料（这意味着说明：这些观察是如何进行的；从何种对象建构出发的；观察的情境必然是变化多端散落不一的，报告的场景在其中占据的是什么位置，等等），而是所谓量身定制的范例。因而，这些场景写出来就是为了彰显理论图景的（诸多对立：实质/形式；物质/象征；必要/自由……）。</p><p data-page=""0"">有时，为了让理论命题的意义，在教学层面立即得到理解，布氏会给出一些想象的例子（也可能是真的观察到的）。例如，提及“老手艺人”来例证“生成公式”[31]的概念。我们不能否认存在与布氏举例类似的情况（只有在理论上的毫无诚信才会导致研究者否认在调查过程中遇到过这些情况）。但那些有利于证实理论框架、量身定制的案例，可能会让人忘记，并非所有的社会情况都属于这种模式，而实证研究能指出这一点[32]。</p><p data-page=""0"">但更多的时候，对行为和言谈方式的现象学描述，既不是纯粹想象的例子，也不是从一整套深思熟虑的观察中得来的关于个别情况的综述。而是有着与文学相近的风格，在社会学意义上可能存在的描述，正如我们在福楼拜的小说中看到的那样[33]。社会学家则有很大的自由，和很少的实证约束，来描绘这些场景，其激起的理论对立正是社会学阐释的核心：</p><blockquote data-page=""0"">……在资产阶级生活的日常情境中，人们身处布尔乔亚的沙龙，闲谈艺术、文学或电影，姿态优雅，着装得体，嗓音深沉而到位，措辞缓慢而从容，笑容淡漠而沉着……</blockquote><p></p><blockquote data-page=""0"">在语言方面，平民的直言不讳相对于资产阶级严厉自审的语言，追求表现主义式的奇绝效果相对于拥护克制和假意的简洁（希腊语 litotès）。在使用肢体语言时，也有同样的形式结构：平民急迫而手舞足蹈，形色而神情丰富，相对于资产阶级的静——尼采说贵族的‘手势和目光是缓慢的’——后者克制而无动于衷，以此来彰显高贵。</blockquote><p></p><blockquote data-page=""0"">比如说，用面巾纸（Kleenex）擤，你得轻轻地捏住鼻子，不能太用力，而是用鼻尖，分好几小次，擤鼻涕；而用手帕擤，你得努力眯起眼睛，用全部手指夹住鼻子，一下子擤得很用力、很大声。这很明显，就好比在视觉和听觉表现上强忍笑容，相较于扯开嗓子笑：一个人皱着鼻子，张大嘴巴，前仰后合（‘我笑裂了’），用整个身体推着笑声，仿佛是为了最大限度地增强一种经验，这种经验不受压抑，因为它必须是与人分享的，得清楚地传达给别人[34]。</blockquote><p data-page=""0"">然而，Bourdieu 的写作才华有时会使他从去个例化（désingularisé）的描写（即没有明确的时间、地理和社会空间）转向对个别场景的描写。前者可以是众多实际观察的理想型（idéal-typique）总结[35]，而后者更多的则是文学式的场景，而并非详细的调查性描述，比如平民阶层常光顾咖啡馆的例子[36]。在这种情况下，我们可以注意到，作者细致的程度之高，以至于其描述只能适用于以个别人物为主角的，特定、个别的场景。然而，从社会学的角度来看，这些人物都是虚构的。布氏有意在文体上制造“文学效果”，而这无非就是为了“真实的效果”[37]。人们可能会疑惑，在这些旨在体现某些生活方式、惯习（habitus）或世界观的个别情境的描述中，文学的真实效果是否先于社会学的知识效果了[38]：</p><blockquote data-page=""0"">我们往往忽略了严格的用餐顺序：所有食物都能在差不多的时间上桌（这也有节省步骤的好处），女人们已经在吃甜点了，孩子们端着盘子去看电视，而男人们才刚吃完主菜，或者晚到的‘男孩’才刚喝完他的汤。…… 比如，在咖啡店里，人们不介意把搅拌过的匙子递给领桌，让他人轮流‘搅拌方糖’。……同样，我们也不会在不同的菜品间更换餐盘。用面包清理干净的汤盘，可以一直使用到用餐结束。女主人不失时机地提出“换餐盘”的建议，一只手已经推开椅子，另一只手伸向邻桌的餐盘，但大家都在叫嚷，‘下肚了都一样’，如果她还坚持，就会显得她想炫耀自己的餐具[39]。</blockquote><p data-page=""0"">文学的再现，框定了量化调查的数据评论，记载了对个别人物个别行为的描写，且倾向于抓取阶级或其分支（平民、小资产阶级或资产阶级），并限制在个别的案例中。而正是阶级或其分支会显示案例的独特性：这些例子，通过提喻法，传达出某种生活方式或阶级惯习的精髓。（译注：对这一段的意思不是很有把握）</p><h4 data-page=""0"">

e.3照片的模糊地位</h4><p data-page=""0"">Pierre Bourdieu 的作品中包含了大量的照片。然而，这些照片的功能就像小型的现象学文学描述一样，特殊化理论意图并提供范例。但这就有个问题，即其中许多照片[40]作者都没有给出评论，因而这些照片要么意义过剩（这些画面似乎展现了作者在别处描述的内容：站立方式的方式或直挺或放松，谈话者间的空间距离或远或近，桌上的食物和菜肴或多或少，是否严格按序上菜了……），要么意义不足（图像什么都没告诉我们[41]，当我们觉得图像能“说话”时，必须得特别警惕，因为这有很大的风险是把我们个人或集体的小小社会神话投射到图像里）。</p><p data-page=""0"">与描述的情况类似，人们希望作者能告诉我们这些照片是在什么背景、什么场合等条件下拍摄的。这往往有助于解释那些可见的差异：家庭聚餐还是与客人共餐、周日聚餐还是平日聚餐、为报纸拍摄的官方公开照片，还是社会学家在采访后拍摄的，类型较不确定的照片，等等。为了使之成为真正的材料，而不仅是“为理论服务的好例子”，作者应当评论照片及其拍摄的条件。这里提及的只是 为证明作者的中心论点，最“明白”的照片。如同前文所述，照片在这里的作用更多是促成真实的效果（effet de réel），而不是知识的真实效力（un réel effet de connaissance.）。产生社会学知识的效力，则意味着对不同家庭，在相似的条件下拍摄的一系列照片进行分析，这些家庭社会条件不一，但都有清晰的位置（特别是从经济和文化资本的角度）。</p><p></p><h4 data-page=""0"">
e.4阅读统计数据</h4><p data-page=""0"">最后，阅读时比较文本的不同段落，有时会出现第一类过度解读的情况。例如，在关于“会生活”[42] 的段落中，我们可以读到有64%的高级管理人员、自由职业者和实业家认为“法国人吃得太多”，而只有46%的工人这么认为。但是，如果统计的差异真如此显著，能够引发前文的评论，我们可能会想，是否应该对这些与上层阶级作出同样判断的46%的工人进行专门的社会学分析。这种分析将迫使作者系统地区分工人阶级内部的分支，如同研究其他阶级时做的那样。无论如何，数据评论之前所作的现象学描述很难一笔带过这46%的人口。</p><p data-page=""0"">同样，在下文之后：</p><blockquote data-page=""0"">人们把严苛的教条引入日常生活（每天早上都要刮胡子、着装打扮，而不仅仅是为了‘出门’），不区分家与外、日常与非日常（对工人阶级来说，需要精心打扮的时候），不仅仅是因为在家庭和熟悉的世界中有仆人和客人这样的陌生人，还因为这是秩序、仪表和克制的惯习体现，不能放弃[43]。</blockquote><p data-page=""0"">如果参考表19——该表汇集了有关“招待方式差异”的统计结果——我们可以再次看到，虽然在被问及是否喜欢客人穿着随意时，工人与高级管理人员、实业家和自由职业者之间存在显著差异（前者为79.7%，后者为58.6%）；但同样不难发现，上层阶级更倾向于这种接待方式，而只有30.6%的人希望客人穿着高雅。我们在这里可以争论的，不是如何评论群体或阶级之间的差异，而是是否忽略了一切可以成为反例的、可以给理论架构带来疑问或带来一些细微差别的事实。</p><p data-page=""0"">
</p><h3 data-page=""0"">F.解释及其确切性的局限</h3><p data-page=""0"">实际上，并非所有的解读都能一概而论。尽管如此，解读的价值决非能一劳永逸的获得并固定下来。 其价值和确切性（pertinence）存在差异，本质上是因为社会学界定解读的确切性，看的是解读对于理解社会世界的效力，而不是内在的力量、逻辑严密程度或论证技巧。哪怕某种相对复杂、严密的和概念化的解读（某种社会理论）能在实证调查当中证明、证实自己的确切性，社会科学研究者仍然需要在其他地域、其他对象、其他时间和其他人群等等条件下实证这种确切性。 因此，解读（严密、谨慎的解读方案或概念化、形式化的解读框架）的有效性及其确切的领域总是有局限的。</p><p data-page=""0"">既然前文已经讨论了很多关于过度解读的问题，我们或可指出，对很大一部分社科研究而言，更成问题的情况是解释不足：那些社会志（sociographie）、缺乏灵感的分析和其他平淡的描写给我们带来的是停留在雏形的解读研究。鉴于这样的现象，我们建议：任何确切的社会学解读都是经过控制的过度解读。没有经验法则能帮我们一下子找到“正确的解读程度”（既不能太高：过度解释，也不能太低：解释不足）。任何解读，要想不停留在平淡的叙述、描写和图表评论，要想不让渴求解读的读者落空，都得冒着风险，成为潜在的过度解读。而使用数据，反思数据的生产条件，比较他人生产的和其他条件下数据的异同，仔细地控制解读工作，我们就能控制过度解读的风险。这就是专业人员有意控制的偏差和业余人士——或者偷懒的专业人士——不受管制的偏差的区别。前者走上解读的康庄大道（尊重数据和总是存在的、不可避免的、影响研究者表达的限制：数据的多样性、可能的反例、相对的不一致性），而后者误入歧途过度解读。</p><p data-page=""0"">广义上的社会学概念，本身并不具有科学的力量和价值，是纯理论的词语。它们只有与社会世界相遇、碰撞，并最终能捕捉和组织社会世界要素时，才是有价值的。 因此，我们处理社科中过度解读所致问题的方式，也是忠实于这一观点的：不存在可以用严格的语言学、逻辑学或狭窄的论证角度清除的社会学过度解读，但我们却能通过解读与被解读情境的关系层面识别它。</p><p data-page=""0"">最后，为了框定本文的意义，避免对本文类型有所误解，我们需要提醒的是，前文所述的认识论思考，来自于实际工作的研究者，对他来说，“调查”一词并不只是口头上说说而已。事实上，那些反思自己的学科、知识、方法和事实检验的人，在今天都为一种徒劳无功、浪费时间的怀疑所拖累。这种怀疑往往意味着有些人缺乏调查工作或认为“田野”工作是无聊的。他们提前贬低任何认识论反思，认为是徒劳、无用、矫情和啰嗦的。当然，总是同样的一群人，对维持现有的科学秩序有着特殊的兴趣，他们的认识论是“自然而然”、“不言而喻”的，他们也没有兴趣见识新的思路。但随着集体的认识论反思提高了实证工作的质量，扩大了关于对象建构的社会学想象力时，那些积极反思的人不但不会离开调查之路，还会更积极地投身于此。贬低因此会变得更加困难，最终被迫露出真面目和动机。认识论，当它是研究工作中得来的教训，并作为回到职业的邀请时，并非不可避免的、有点恐怖的调查前提，会让人因为担心犯错的而贻误调查本身。 引导、帮助、支持或伸出援手，但绝不会让路或走后门。</p><p></p>"
翼龙的诗学,https://www.douban.com/note/788371585/,2020-12-18 10:34:40,2020-12-18 10:47:06,"<p data-page=""0"">

我的诗歌往往缺乏坚实的骨架</p><p data-align=""left"" data-page=""0"">那些肥美的句子像果实一般坍塌


</p><p data-align=""left"" data-page=""0"">于是我向翼龙请教</p><p data-align=""left"" data-page=""0"">如何在空中也能保持姿态优雅</p><p data-align=""left"" data-page=""0"">它让我去死</p><p></p>"
好耶，2020漫画阅读总结,https://www.douban.com/note/787892443/,2020-12-14 07:47:36,2021-07-10 22:24:00,"<div class=""introduction""><p>选了一些今年看过的，特别想推荐的漫画。</p></div><h4 data-page=""0"">つくしあきひと | 来自深渊</h4><div class=""subject-container""><div class=""subject-wrapper""><a href=""https://book.douban.com/subject/33476355/""><div class=""subject-cover""><img src=""https://img9.doubanio.com/view/subject/l/public/s32338141.jpg""></div><div class=""subject-info""><div class=""subject-title""><span class=""title-text"">メイドインアビス 8</span></div><div class=""subject-rating""><span class=""rating-star0""></span><span class=""rating-star0""></span><span class=""rating-star0""></span><span class=""rating-star0""></span><span class=""rating-star0""></span><span class=""rating-reason"">评价人数不足</span></div><div class=""subject-summary"">つくしあきひと / 2019 / 竹書房</div></div></a><span data-subject-interest=""""></span></div></div><p data-align=""left"" data-page=""0"">经历了黎明卿以后，我想这个漫画还能怎么虐。结果还真可以，第八卷以另外一行人的角度重新讲述了深渊的故事，层层递进的虐点让容嬷嬷胆寒。</p><p data-align=""left"" data-page=""0"">另外这几乎是一部精神分析漫画，拉康啊、无器官的身体、无身体的器官之类的理论似乎都可以生搬硬套进去。我之前的评论：「如果说深渊是关于欲望的隐喻，由此而建立起的奥斯则影射了人类文明。片中设定的趣味在于，个人对于欲望的发掘被国家制度化（笛子），而更深一步的探索则冒着死亡或成为非人的危险（生骸）。」</p><p></p><p></p><h4 data-align=""left"" data-page=""0"">藤本树 | 电锯人</h4><div class=""subject-container""><div class=""subject-wrapper""><a href=""https://book.douban.com/subject/34949908/""><div class=""subject-cover""><img src=""https://img9.doubanio.com/view/subject/l/public/s33592160.jpg""></div><div class=""subject-info""><div class=""subject-title""><span class=""title-text"">チェンソーマン 6</span></div><div class=""subject-rating""><span class=""rating-star1""></span><span class=""rating-star1""></span><span class=""rating-star1""></span><span class=""rating-star1""></span><span class=""rating-star2""></span><span class=""rating-score"">9.3</span></div><div class=""subject-summary"">藤本 タツキ / 2020 / 集英社</div></div></a><span data-subject-interest=""""></span></div></div><p data-align=""left"" data-page=""0"">想想藤本树今年一年为简中贡献了多少流行语：「好耶」、「今生或许不再会有悲喜」、「万圣节」、「我逐渐理解一切」、「尸体在说话」、「坏女人」、「自由」（好吧这是刃牙的）。蕾塞的篇章实在太出彩了，上一次在少年Jump看到这么五味杂陈的故事，还是猎人里面的蚁王和小麦。</p><div class=""image-container image-float-center""><div class=""image-wrapper""><img height=""auto"" src=""https://img9.doubanio.com/view/note/l/public/p78398480.jpg""></div></div><h4 data-page=""0"">田ヶ 喜一 / 支援BIS | 狼は眠らない </h4><div class=""subject-container""><div class=""subject-wrapper""><a href=""https://book.douban.com/subject/30384712/""><div class=""subject-cover""><img src=""https://img9.doubanio.com/view/subject/l/public/s29963449.jpg""></div><div class=""subject-info""><div class=""subject-title""><span class=""title-text"">狼は眠らない 1</span></div><div class=""subject-rating""><span class=""rating-star0""></span><span class=""rating-star0""></span><span class=""rating-star0""></span><span class=""rating-star0""></span><span class=""rating-star0""></span><span class=""rating-reason"">评价人数不足</span></div><div class=""subject-summary"">田ヶ 喜一 支援BIS / 2019 / KADOKAWA</div></div></a><span data-subject-interest=""""></span></div></div><p data-align=""left"" data-page=""0"">不太感兴趣异世界题材，但这本却很吸引人。爽文要素控制得很有分寸和逻辑，对男女关系的刻画非常节制（相较于同类题材）。剧情推进温吞但细腻，没有刻意的高潮设计和热血情节，比起在异世界冒险收后宫的常规模式，更接近于在异世界休闲散步。</p><p data-align=""left"" data-page=""0"">观感上会让人想起「灰与幻想的格林姆迦尔」。结果就是这样的漫画被腰斩了。</p><p data-page=""0""> </p><p></p><h4 data-align=""left"" data-page=""0"">鮫島 円人 | 蓬莱トリビュート</h4><div class=""subject-container""><div class=""subject-wrapper""><a href=""https://book.douban.com/subject/34803332/""><div class=""subject-cover""><img src=""https://img9.doubanio.com/view/subject/l/public/s33477796.jpg""></div><div class=""subject-info""><div class=""subject-title""><span class=""title-text"">蓬莱トリビュート 中国怪奇幻想選</span></div><div class=""subject-rating""><span class=""rating-star1""></span><span class=""rating-star1""></span><span class=""rating-star1""></span><span class=""rating-star1""></span><span class=""rating-star0""></span><span class=""rating-score"">8.6</span></div><div class=""subject-summary"">鮫島 円人 / 2019 / リイド社</div></div></a><span data-subject-interest=""""></span></div></div><p data-align=""left"" data-page=""0"">取材自中国聊斋类故事，改编方式比较俗腻（萌、肉），但故事本身很有意思。与我想象中具有劝诫和教化作用的故事不同，其中的寓意往往是模糊的。</p><p data-align=""left"" data-page=""0"">人外题材让我想起一个台湾画师的十八禁本子「動物報恩」。</p><p data-page=""0""> </p><p></p><h4 data-align=""left"" data-page=""0"">詩野うら | <span style=""font-weight: bold;"">有害無罪玩具</span></h4><div class=""subject-container""><div class=""subject-wrapper""><a href=""https://book.douban.com/subject/30414208/""><div class=""subject-cover""><img src=""https://img9.doubanio.com/view/subject/l/public/s29959871.jpg""></div><div class=""subject-info""><div class=""subject-title""><span class=""title-text"">有害無罪玩具</span></div><div class=""subject-rating""><span class=""rating-star1""></span><span class=""rating-star1""></span><span class=""rating-star1""></span><span class=""rating-star1""></span><span class=""rating-star2""></span><span class=""rating-score"">9.2</span></div><div class=""subject-summary"">詩野 うら / 2019 / KADOKAWA</div></div></a><span data-subject-interest=""""></span></div></div><p data-align=""left"" data-page=""0"">一部会让人联想到许多文学作品的漫画？</p><p data-align=""left"" data-page=""0"">「虚数时间的游玩」是最好的夜间散步题材漫画之一，另一部之一是「夜曲」（よふかしのうた）</p><p data-page=""0""> </p><p></p><h4 data-align=""left"" data-page=""0"">高野文子</h4><p data-align=""left"" data-page=""0"">第一次听到这个名字是看沙村广明的<a class=""link"" href=""https://www.douban.com/note/294912560/"" rel=""nofollow"">访谈</a>，他说心目中画技最好的漫画家是高野文子（「高桥留美子，一ノ関圭，高野文子是三大神明」）。这个判断非常有意思，沙村的画法怎么看都和高野文子八竿子打不着。但在他看来，「对生活的捕捉力」显然是要比「正确地画出人体比例」更稀有。</p><div class=""image-container image-float-center""><div class=""image-wrapper""><img height=""auto"" src=""https://img9.doubanio.com/view/note/l/public/p78398486.jpg""></div><div class=""image-caption-wrapper""><div class=""image-caption"">@一只虚拟蛙翻译的高野文子「花」 </div></div></div><h4 data-page=""0"">白山宣之 </h4><p data-align=""left"" data-page=""0"">章梦梦83译介一些<a class=""link"" href=""https://mp.weixin.qq.com/mp/appmsgalbum?__biz=MzU4ODA1OTk5OQ==&amp;action=getalbum&amp;album_id=1639753988843618312&amp;scene=173&amp;from_msgid=2247483959&amp;from_itemidx=1&amp;count=3#wechat_redirect"" rel=""nofollow"" target=""_blank"">短篇</a>，画面十分有电影感（虽然我也说不清电影感是什么），看的时候常觉得这格镜头摄影真棒啊。</p><div class=""image-container image-float-center""><div class=""image-wrapper""><img height=""auto"" src=""https://img9.doubanio.com/view/note/l/public/p78398338.jpg""></div></div><div class=""image-container image-float-center""><div class=""image-wrapper""><img height=""auto"" src=""https://img9.doubanio.com/view/note/l/public/p78398337.jpg""></div></div><h4 data-page=""0"">河井克夫 | 女人生存之道</h4><div class=""subject-container""><div class=""subject-wrapper""><a href=""https://book.douban.com/subject/5315007/""><div class=""subject-cover""><img src=""https://img9.doubanio.com/view/subject/l/public/s4497590.jpg""></div><div class=""subject-info""><div class=""subject-title""><span class=""title-text"">女の生きかたシリーズ</span></div><div class=""subject-rating""><span class=""rating-star1""></span><span class=""rating-star1""></span><span class=""rating-star1""></span><span class=""rating-star1""></span><span class=""rating-star2""></span><span class=""rating-score"">9.3</span></div><div class=""subject-summary"">河井 克夫 / 2003 / 青林工芸舎</div></div></a><span data-subject-interest=""""></span></div></div><p data-align=""left"" data-page=""0"">非常完美的短篇小说集。第一次读的是「图钉女」，几个转折点都设计的太痛了，但也很真实（虽然没有体会过），令人印象深刻。河井克夫的共情更多依靠的是智性的推演，而不是情绪的宣泄。</p><p data-align=""left"" data-page=""0"">豆瓣上 <a class=""link"" href=""https://www.douban.com/note/207757634/"" rel=""nofollow"">Meow-Meow Mix</a>（是猫咪星么？）有做汉化。</p><div class=""image-container image-float-center""><div class=""image-wrapper""><img height=""auto"" src=""https://img9.doubanio.com/view/note/l/public/p78398482.jpg""></div></div><h4 data-page=""0"">コマツシンヤ | 睡沌氣候</h4><div class=""subject-container""><div class=""subject-wrapper""><a href=""https://book.douban.com/subject/6533429/""><div class=""subject-cover""><img src=""https://img9.doubanio.com/view/subject/l/public/s8866846.jpg""></div><div class=""subject-info""><div class=""subject-title""><span class=""title-text"">睡沌氣候</span></div><div class=""subject-rating""><span class=""rating-star1""></span><span class=""rating-star1""></span><span class=""rating-star1""></span><span class=""rating-star1""></span><span class=""rating-star0""></span><span class=""rating-score"">8.8</span></div><div class=""subject-summary"">コマツシンヤ / 2011 / 青林工藝舎</div></div></a><span data-subject-interest=""""></span></div></div><p data-align=""left"" data-page=""0"">能看到这种漫画真的太好了，每一个物件都像是实物，珍奇屋一般陈列在画格里。</p><p data-align=""left"" data-page=""0"">有时候会让我想起鴨沢祐仁。</p><p></p><p></p><h4 data-align=""left"" data-page=""0"">宮崎 夏次系 | 培養肉くん </h4><div class=""subject-container""><div class=""subject-wrapper""><a href=""https://book.douban.com/subject/30285530/""><div class=""subject-cover""><img src=""https://img9.doubanio.com/view/subject/l/public/s29878109.jpg""></div><div class=""subject-info""><div class=""subject-title""><span class=""title-text"">培養肉くん 1</span></div><div class=""subject-rating""><span class=""rating-star1""></span><span class=""rating-star1""></span><span class=""rating-star1""></span><span class=""rating-star1""></span><span class=""rating-star2""></span><span class=""rating-score"">9.1</span></div><div class=""subject-summary"">宮崎 夏次系 / 2018 / KADOKAWA</div></div></a><span data-subject-interest=""""></span></div></div><p data-align=""left"" data-page=""0"">最喜欢的一本宫崎夏次系，微博上的@<a class=""link"" href=""https://weibo.com/u/2656024751?refer_flag=1001030103_&amp;is_all=1"" rel=""nofollow"" target=""_blank"">一只虚拟蛙</a>翻译了第一卷。</p><p data-align=""left"" data-page=""0"">我可能对「没有人的世界」这种设定有一种特别的偏好，诸如「探险活宝」、「少女终末旅行」「地球下課後」之类的。</p><p></p><p></p><h4 data-align=""left"" data-page=""0""><span style=""font-weight: bold;"">奥田亜紀子 | 心臓</span></h4><div class=""subject-container""><div class=""subject-wrapper""><a href=""https://book.douban.com/subject/33459804/""><div class=""subject-cover""><img src=""https://img9.doubanio.com/view/subject/l/public/s33437223.jpg""></div><div class=""subject-info""><div class=""subject-title""><span class=""title-text"">心臓</span></div><div class=""subject-rating""><span class=""rating-star1""></span><span class=""rating-star1""></span><span class=""rating-star1""></span><span class=""rating-star1""></span><span class=""rating-star0""></span><span class=""rating-score"">8.5</span></div><div class=""subject-summary"">奥田亜紀子 / 2019 / リイド社</div></div></a><span data-subject-interest=""""></span></div></div><p data-align=""left"" data-page=""0"">唯一留下的印象就是画的好，需要重看。</p><p></p><p></p><h4 data-page=""0"">植芝理一 | 大蜘蛛flashback</h4><div class=""subject-container""><div class=""subject-wrapper""><a href=""https://book.douban.com/subject/27606569/""><div class=""subject-cover""><img src=""https://img9.doubanio.com/view/subject/l/public/s29641985.jpg""></div><div class=""subject-info""><div class=""subject-title""><span class=""title-text"">大蜘蛛ちゃんフラッシュ・バック(1)</span></div><div class=""subject-rating""><span class=""rating-star1""></span><span class=""rating-star1""></span><span class=""rating-star1""></span><span class=""rating-star1""></span><span class=""rating-star2""></span><span class=""rating-score"">9.0</span></div><div class=""subject-summary"">植芝 理一 / 2017 / 講談社</div></div></a><span data-subject-interest=""""></span></div></div><p data-page=""0"">并非昆虫漫画，而是以「爱上妈妈了」这种了不得的想法展开的纯情校园喜剧。今年顺利完结了，希望能动画化让植芝理一爆红。</p><p data-page=""0"">作者对高密度的背景作画异常执着，角色T恤的样式繁多，neta的梗又宅又密，多亏有汉化组注释。</p><div class=""image-container image-float-center""><div class=""image-wrapper""><img height=""auto"" src=""https://img9.doubanio.com/view/note/l/public/p78422627.jpg""></div></div><p></p><div class=""image-container image-float-center""><div class=""image-wrapper""><img height=""auto"" src=""https://img9.doubanio.com/view/note/l/public/p78422629.jpg""></div></div><p></p><div class=""image-container image-float-center""><div class=""image-wrapper""><img height=""auto"" src=""https://img9.doubanio.com/view/note/l/public/p78422632.jpg""></div></div><p></p><div class=""image-container image-float-center""><div class=""image-wrapper""><img height=""auto"" src=""https://img9.doubanio.com/view/note/l/public/p78422633.jpg""></div></div><p></p><div class=""separator""><hr></div><h4 data-page=""0"">Portal</h4><p data-align=""left"" data-page=""0""><a class=""link"" href=""https://weibo.com/limmor"" rel=""nofollow"" target=""_blank"">木鸟漫画</a>（书店）</p><p data-align=""left"" data-page=""0""><a class=""link"" href=""http://mangasick.blogspot.com/"" rel=""nofollow"" target=""_blank"">mangasick</a>（书店）</p><p data-align=""left"" data-page=""0"">心像汉化组</p><p data-align=""left"" data-page=""0""><a class=""link"" href=""https://rstgo603307639.wordpress.com/"" rel=""nofollow"" target=""_blank"">绣湖招待所</a></p><p data-align=""left"" data-page=""0"">异常漫画研究中心（公众号）</p><p data-align=""left"" data-page=""0"">猫咪星a - <a class=""link"" href=""https://weibo.com/u/6284955512"" rel=""nofollow"" target=""_blank"">coffee漫画时间</a></p><p data-align=""left"" data-page=""0""><a class=""link"" href=""https://mangadex.org/"" rel=""nofollow"" target=""_blank"">https://mangadex.org/</a></p><p data-align=""left"" data-page=""0"">最后推荐一本合集「USCA」，感觉挺能代表2010s的日本漫画。</p><div class=""subject-container""><div class=""subject-wrapper""><a href=""https://book.douban.com/subject/30430883/""><div class=""subject-cover""><img src=""https://img9.doubanio.com/view/subject/l/public/s29976273.jpg""></div><div class=""subject-info""><div class=""subject-title""><span class=""title-text"">USCA台湾版</span></div><div class=""subject-rating""><span class=""rating-star1""></span><span class=""rating-star1""></span><span class=""rating-star1""></span><span class=""rating-star1""></span><span class=""rating-star0""></span><span class=""rating-score"">8.7</span></div><div class=""subject-summary"">本秀康 西村培 淺野一二O error403 BRIDGE SHIP HOUSE 金子朝一 嘉江 後藤雪子 葛飾慶太 SANDY CROSSWORD 谷口菜津子 平野遼 太田基之 佐貫直哉 宮崎夏次系 座二郎 / 2018 / Mangasick</div></div></a><span data-subject-interest=""""></span></div></div><p></p>"
法国的摄影研究期刊,https://www.douban.com/note/787750555/,2020-12-12 20:40:35,2021-07-08 20:03:01,"<h3 data-align="""" data-page=""0"">Les Cahiers de la photographie (1981-1990) </h3><p data-page=""0"">最早的一本关于摄影批评和理论的专刊，由Claude Nori、Gilles Mora 和 Bernard Plossu 主办，后 Denis Roche 和 Jean-Claude Lemagny 也参与了进来。1990年停刊，直到1994年共出版30期。最出名几期分别是82年和85年在索邦大学的两个研讨会 「L’Acte photographique」和「L’Œuvre photographique」，以及给 Robert Frank 和 Denis Roche 的专刊。</p><p data-page=""0""><a class=""link"" href=""https://fr.wikipedia.org/wiki/Les_Cahiers_de_la_photographie"" rel=""nofollow"" target=""_blank"">https://fr.wikipedia.org/wiki/Les_Cahiers_de_la_photographie </a></p><div class=""image-container image-float-center""><div class=""image-wrapper""><img height=""auto"" src=""https://img9.doubanio.com/view/note/l/public/p78312097.jpg""></div></div><p></p><p></p><p></p><h3 data-page=""0"">La Recherche photographique (1986-1997)</h3><p data-page=""0"">由 André Rouillé 主笔，巴黎八大主办的一个专注于摄影理论的期刊，共出版20期。</p><div class=""image-container image-float-center""><div class=""image-wrapper""><img height=""auto"" src=""https://img9.doubanio.com/view/note/l/public/p78312299.jpg""></div></div><p data-page=""0"">
</p><p></p><h3 data-page=""0"">Études photographiques  (1996-2017)</h3><p data-page=""0"">由法国摄影协会主办的期刊，1996年出版第一期，以平均一年两期的速度出版，于2017年停刊。议题非常广泛，从十九世纪摄影史到当代摄影理论。</p><p data-page=""0"">现在全部期刊都可免费阅览 ：<a class=""link"" href=""https://journals.openedition.org/etudesphotographiques/"" rel=""nofollow"" target=""_blank"">https://journals.openedition.org/etudesphotographiques/</a></p><p></p><p></p><div class=""image-container image-float-center""><div class=""image-wrapper""><img height=""auto"" src=""https://img9.doubanio.com/view/note/l/public/p78312398.jpg""></div></div><p></p><p></p><p></p><p></p><h3 data-page=""0"">Inframince （2005-）</h3><p data-page=""0"">阿尔勒国立摄影学院主办的期刊，感觉比较当代？前十期由 Actes Sud 出版，之后 Filigranes Editions 接手。</p><p data-page=""0""><a class=""link"" href=""http://www.ensp-arles.fr/inframince/"" rel=""nofollow"" target=""_blank"">http://www.ensp-arles.fr/inframince/</a></p><div class=""image-container image-float-center""><div class=""image-wrapper""><img height=""auto"" src=""https://img9.doubanio.com/view/note/l/public/p78312547.jpg""></div></div><p data-page=""0"">
</p><p></p><h3 data-page=""0"">Transbordeur (2017-)</h3><p data-page=""0"">Christian Joschke 和 Olivier Lugon 主办的摄影研究年刊，专注历史和社会议题。由 MACULA 出版。现在出版的四期主题分别为「纪实摄影博物馆」、「摄影与展览」、「电缆，拷贝，编码。摄影和信息技术」、「工人摄影」。</p><p data-page=""0""><a class=""link"" href=""http://www.transbordeur.ch/"" rel=""nofollow"" target=""_blank"">http://www.transbordeur.ch/</a></p><p></p><div class=""image-container image-float-center""><div class=""image-wrapper""><img height=""auto"" src=""https://img9.doubanio.com/view/note/l/public/p78312699.jpg""></div></div><p></p><p data-page=""0"">
</p><h3 data-page=""0"">Photographica（2020-）</h3><p data-page=""0"">Études photographiques 复活啦，改名 Photographica 继续战斗。半年刊。</p><p data-page=""0""><a class=""link"" href=""https://devisu.inha.fr/photographica/"" rel=""nofollow"" target=""_blank"">https://devisu.inha.fr/photographica/</a></p><p></p><div class=""image-container image-float-center""><div class=""image-wrapper""><img height=""auto"" src=""https://img9.doubanio.com/view/note/l/public/p79310671.jpg""></div></div><p></p><div class=""separator""><hr></div><p data-page=""0"">法国当代艺术期刊：<a class=""link"" href=""https://www.douban.com/doulist/136588707/"" rel=""nofollow"">https://www.douban.com/doulist/136588707/</a></p><p></p><p></p>"
【译介】Bernard Lahire | 先欣赏再解释,https://www.douban.com/note/787091898/,2020-12-07 07:36:07,2021-01-22 01:49:58,"<p></p><div class=""subject-container""><div class=""subject-wrapper""><a href=""https://book.douban.com/subject/30387889/""><div class=""subject-cover""><img src=""https://img9.doubanio.com/view/subject/l/public/s29932591.jpg""></div><div class=""subject-info""><div class=""subject-title""><span class=""title-text"">Ceci n'est pas qu'un tableau</span></div><div class=""subject-rating""><span class=""rating-star0""></span><span class=""rating-star0""></span><span class=""rating-star0""></span><span class=""rating-star0""></span><span class=""rating-star0""></span><span class=""rating-reason"">目前无人评价</span></div><div class=""subject-summary"">Bernard LAHIRE / 2015 / La Découverte</div></div></a><span data-subject-interest=""""></span></div></div><p data-page=""0"">选自本书「这不止是一幅画」的第二部分「艺术，统治，神圣化」第四节「神圣领域的延伸：艺术的出现，独立于世俗的自主领域」。</p><div class=""separator""><hr></div><h2 data-page=""0"">先欣赏再解释 Admirer avant d’interpréter</h2><p data-page=""0"">Bernard Lahire

</p><p data-page=""0"">不论个别艺术家的意图如何，艺术与生活的分隔，如同神圣和世俗（le sacré et le profane）的分隔形式，从一开始就指出了艺术的结构地位和客观功能（对艺术整体而言，而非某个单独的艺术品）。在我看来，正是从这根本出发，P.Veyne [0] 一再坚持反对那些立马投身于个别作品美学的人，他们一上来就描述、分析、评论和解读这些作品的内容，却不思考这些作品所参与的社会关系，作品为何展出并纪念碑化。简单说，他们没有思考作品是如何处于供人欣赏的地位的。这位历史学者的反阐释（anti-herméneutique）解读，不仅适用于宗教和政治形象，也同样适用于艺术作品。</p><p data-page=""0"">P. Veyne 实际上注意到，人们想象中的信徒总是被图像和文本的意义环绕。而这样想的研究者，尽阐释学之所能，详细地解析这些图像和文本，揭示出它们本应向我们传递的，关于一个时代的信仰和文化的终极意义。然而，如同接受图像和文本的实践史，宗教信仰事实上的实践史要求我们在解释上更加小心谨慎。因为“更多的时候，人们在举行仪式的时候并不相信它的意义，同时总的来说，他们对此也没有兴趣 ”[1]。由此说来，图拉真柱上装饰的带饰或旺多姆柱上的拿破仑式浅浮雕，在明知其“置于建筑极高处，图像往往无法辨认”[2]的情况下，真能轻易地给出解释吗？图拉真柱的“含义”或“功能”，不止于浮雕的细节，而更在其自身彰显了图拉真的伟大、声望、高尚以及荣耀：“凯旋柱并不向人们宣告什么，它只是让人们看到，图拉真在时间和苍天面前的伟大。”[3]比起“宣传艺术”，图拉真柱更是“帝王气派的表现”。它震慑世人的功能甚于它传达、灌输或教导的内容。在这些令人印象深刻的建筑面前（凯旋柱、大教堂、纪念碑、塔楼等），旁观者只能自惭于自己的渺小与无足轻重，而纪念碑“传达出了建造它们的那股力量”（les monuments parlent pour exprimer la puissance qui les a fait sortir de terre）[4]。那些损坏的或不可见的形象在此提醒了我们，比起作品说了什么，作品的价值更在于它是什么和它做了什么。当艺术品陈列于公共空间或博物馆里，当成一件可供欣赏、甚至受人喜爱的作品时，“它所做的”或“它是什么”将作品同世界上的其他事物分隔开来，如同神圣分隔与世俗、强大分别于弱小一样。</p><p data-page=""0"">我们在这里只能依照P. Veyne的建议，“勾勒出一种艺术社会学，于此，艺术品远非某种图像志和意识形态（iconographie et une idéologie）的承载物，而是一种我们几乎看不见、甚至不会看，但却非常重要的装饰”[5]。这样的艺术社会学必然使各种阐释学家失望，因为它从一开始便说，艺术的价值首先在于艺术的在场、地位和展示；在我看来这是最基本的，特别是当我们回想起正是那些分隔线塑造了我们与知识的关系、与文化和艺术的关系，一如我们与国家和宗教权力的关系。研究者感兴趣的并不是作品创作的逻辑，不是作品的图像学内涵，不是在历史进程中人们赋予的美学意义，不是可能象征的社会或文化现实，也不其对某种文化或典范或边缘的表现；他感兴趣的是艺术品作为重要对象的存在本身，它脱离于普通事物，成了值得我们欣赏的对象。</p><p data-page=""0"">在这样的视角下，作品不再是意义的搬运工，而是神圣领域的见证或范例。它是人们欲望的对象，是物质和象征的挪用，是消费、买卖、金融投机和各种注意力的对象。比起人们试图解读作品时依靠的信念，艺术品所具有的背景构成了更根本的信仰基石。因而当艺术品承载意义之前，就已经囊括了一种隐性的、于大多接触者而言无意识的背景。艺术品一直呈现着这样的背景，即艺术领域是独立的领域，与统治阶层的社会关系紧密相连，在内部采用等级式的组织，依据作品的合法性来安排一切（时代、流派、艺术家、作品）。所以说，如果说我们倾向于将仪式、神话、信仰、典礼和艺术品看作是传达或象征什么的实践，是文化内涵的再现，那是因为学者们都是阐释的专家，而每一个对象在他们眼里都是值得解释的。</p><p></p><h4 data-page=""0"">注释</h4><p data-page=""0"">[0] 以下注释皆引自 Paul Veyne 「没有信仰的行为和没有观众的艺术」一文。Veyne 是罗马史专家和考古学家，最出名的作品可能是《古希腊人是否相信他们的神话》。</p><div class=""subject-container""><div class=""subject-wrapper""><a href=""https://book.douban.com/subject/25887894/""><div class=""subject-cover""><img src=""https://img9.doubanio.com/view/subject/l/public/s27313669.jpg""></div><div class=""subject-info""><div class=""subject-title""><span class=""title-text"">古希腊人是否相信他们的神话</span></div><div class=""subject-rating""><span class=""rating-star1""></span><span class=""rating-star1""></span><span class=""rating-star1""></span><span class=""rating-star2""></span><span class=""rating-star0""></span><span class=""rating-score"">7.5</span></div><div class=""subject-summary"">[法] 保罗· 韦纳（Paul Veyne） / 2014 / 华东师范大学出版社</div></div></a><span data-subject-interest=""""></span></div></div><p></p><p data-page=""0"">[1] P. Veyne, « Conduites sans croyances et œuvres d’art sans spectateurs », Diogène, n° 143, juillet-septembre 1988, p. 3. Veyne s’appuie notamment ici sur l’ouvrage de Gregory Bateson, Naven, Stanford University Press, 1936 (traduit en français sous le titre La Cérémonie du Naven, Minuit, Paris, 1971).</p><p data-page=""0"">[2] Ibid., p. 3.</p><p data-page=""0"">[3] Ibid., p. 4-5.</p><p data-page=""0"">Veyne 还谈到了一种 ""眩晕的建筑""，并补充说：”凯旋柱表达了图拉真的荣耀，就像天空（不必细数繁星）表达了耶和华的荣耀一样；在这两种情况下，必须有过多的星星和雕塑场景；只有当它们多到溢出来时，这种优越性的表达才是不容置疑的。要解释凯旋柱，美术史不应该仅仅满足于研究不同场景的构图细节、图像志、连续的叙事，鸟瞰式的视角，与理想化写实主义的希腊化带饰的关系，等等。它同样应该，甚至一上来就该注意到，最重要的是柱子在浅浮雕的面积和建筑的高度的两项纪录。……对这种类型的建筑而言，最好用法不是详细地描述其装饰，而是攀登其上；潘诺夫斯基 Panofsky 所说的图像学（iconologie）在此没有太大用处……这根柱子表达了图拉真令人眩晕的崇高。</p><p data-page=""0"">[4] Ibid., p. 11.</p><p data-page=""0"">[5] Ibid., p. 3.</p><p></p>"
【译介】雷蒙·格诺 | 如您所愿的故事,https://www.douban.com/note/785531187/,2020-11-25 01:29:57,2020-12-07 06:17:50,"<p></p><div class=""image-container image-float-center""><div class=""image-wrapper""><img height=""auto"" src=""https://img9.doubanio.com/view/note/l/public/p77839780.jpg""></div></div><p data-align=""left"" data-page=""0"">Raymond Queneau 可能是最早一批写交互式小说的人，Oulipo官网称其为<a class=""link"" href=""https://oulipo.net/fr/contraintes/conte-a-votre-facon"" rel=""nofollow"" target=""_blank"">树形结构</a>，读者可以自行选择故事的分支。此篇 Un conte à votre façon 创作于1967年，全文翻译如下，另附用 Twine 制作的<a class=""link"" href=""https://dorajackcui.itch.io/un-conte-votre-faon"" rel=""nofollow"" target=""_blank"">交互式版本</a>。
</p><div class=""separator""><hr></div><p data-align=""left"" data-page=""0"">1 您想知道三颗警觉的豌豆的故事吗？</p><ul><li class=""unordered-list-item"">是的话，前往4</li><li class=""unordered-list-item"">不是的话，前往2
</li></ul><p data-align=""left"" data-page=""0"">2 您更想听三杆瘦长支架的故事吗？</p><ul><li class=""unordered-list-item"">是的话，前往16</li><li class=""unordered-list-item"">不是的话，前往3
</li></ul><p data-align=""left"" data-page=""0"">3 您更想听三丛平平无奇灌木的故事吗？</p><ul><li class=""unordered-list-item"">是的话，前往17</li><li class=""unordered-list-item"">不是的话，前往21
</li></ul><p data-align=""left"" data-page=""0"">4 从前有三颗豌豆，穿着绿衣服在豆荚里甜甜地睡觉。它们的脸圆圆的，用鼻子的小孔呼吸，您能听到它们轻柔和谐的鼾声。</p><ul><li class=""unordered-list-item"">如果您想听另一种叙述，前往9</li><li class=""unordered-list-item"">如果您满意这种叙述，前往5
</li></ul><p data-align=""left"" data-page=""0"">5 它们没有做梦。事实上，这些小东西从不做梦。</p><ul><li class=""unordered-list-item"">如果您想它们做梦，前往6</li><li class=""unordered-list-item"">如果您不想，前往7
</li></ul><p data-align=""left"" data-page=""0"">6 它们在做梦了。这些小东西总是在做梦，它们的夜晚分泌出迷人的梦境。</p><ul><li class=""unordered-list-item"">如果您想知道这些梦，前往11。</li><li class=""unordered-list-item"">如果您不感兴趣，前往7。
</li></ul><p data-align=""left"" data-page=""0"">7 它们可爱的脚丫泡在温暖的袜子里，戴着黑色的天鹅绒手套入睡。</p><ul><li class=""unordered-list-item"">如果您喜欢其它颜色的手套，前往8。</li><li class=""unordered-list-item"">如果您喜欢这个颜色，前往10。
</li></ul><p data-align=""left"" data-page=""0"">8 它们戴着蓝色的天鹅绒手套入睡。</p><ul><li class=""unordered-list-item"">如果您喜欢其它颜色的手套，前往7。</li><li class=""unordered-list-item"">如果您喜欢这个颜色，前往10。
</li></ul><p data-align=""left"" data-page=""0"">9 从前，有三颗豌豆云游四方。到了晚上，它们疲惫不堪，很快就睡着了。</p><ul><li class=""unordered-list-item"">如果您想知道接下来的事，前往5。</li><li class=""unordered-list-item"">如果不想，前往21。
</li></ul><p data-align=""left"" data-page=""0"">10 三颗豆都做着同样的梦，因为它们温柔地爱着彼此，情比金坚，总是做着差不多的梦。</p><ul><li class=""unordered-list-item"">如果您想知道它们的梦，前往11。</li><li class=""unordered-list-item"">如果不想，前往12。
</li></ul><p data-align=""left"" data-page=""0"">11 它们梦见自己要去食堂取汤，当它们打开饭盒时，发现是豆子汤（soupe d’ers）。太可怕了，它们醒了过来。</p><ul><li class=""unordered-list-item"">如果您想知道它们为什么会惊恐地醒来，请咨询Larousse 的 ers 词条，我们就不要再谈这个问题了。</li><li class=""unordered-list-item"">如果您认为没有必要再细究，前往12。
</li></ul><p data-align=""left"" data-page=""0"">12 噫吁嚱！它们一睁开眼就大声尖叫。噫吁嚱！我们做了一个什么梦啊？第一颗豌豆说，这是个坏兆头。是哒，第二颗说，像真的一样，现在我好难过。别担心，第三颗豌豆说，它是三颗中最机灵的，我们要去理解而不是害怕，总之，我给您们分析一下。</p><ul><li class=""unordered-list-item"">如果您想马上知道这个梦的解释，前往15。</li><li class=""unordered-list-item"">如果您想知道另外两颗豌豆的反应，前往13。
</li></ul><p data-align=""left"" data-page=""0"">13 你别糊弄我们了，第一颗豌豆说，你什么时候懂得解梦了？是呀，从什么时候开始的，第二颗补充道。</p><ul><li class=""unordered-list-item"">如果您也想知道从什么时候开始，前往14。</li><li class=""unordered-list-item"">如果不想，那您也得前往14，您不会知道更多的内容。
</li></ul><p data-align=""left"" data-page=""0"">14 从什么时候开始的？第三颗喊道，我怎么知道！ 我可是有实际操练的。你们等着瞧！</p><ul><li class=""unordered-list-item"">如果您也想瞧瞧，前往15。</li><li class=""unordered-list-item"">如果您不想，也得去15，反正什么也见不着。
</li></ul><p data-align=""left"" data-page=""0"">15 那好吧，就让我们瞧瞧，它的兄弟们说。我不喜欢你们的讽刺，它回答说，你们什么都不会明白。况且，经过这场激烈的讨论，你们不是已经不觉恐怖，安然无恙了吗？那何必去搅动那蝶形花冠的无意识泥潭呢？我们还是去喷泉里洗洗澡，在卫生又圣洁的安逸中迎接这个愉悦的清晨吧！说干就干，它们从豆荚里滑了出来，让自个儿轻轻地滚到地上，然后小跑着，欢快地奔向洗礼的剧场。</p><ul><li class=""unordered-list-item"">如果您想知道它们洗礼的剧场里发生了什么，前往16。</li><li class=""unordered-list-item"">如果您不愿意，前往21。
</li></ul><p data-align=""left"" data-page=""0"">16 三杆大支架看着它们洗澡。</p><ul><li class=""unordered-list-item"">如果您不喜欢三杆大支架，前往21。</li><li class=""unordered-list-item"">如果它们还和您的意，前往18。
</li></ul><p data-align=""left"" data-page=""0"">17 三丛平平无奇的灌木看着它们洗澡。</p><ul><li class=""unordered-list-item"">如果您不喜欢这三丛平平无奇的灌木，前往21。</li><li class=""unordered-list-item"">如果它们还和您的意，前往18。
</li></ul><p data-align=""left"" data-page=""0"">18 被这样偷窥，三颗警觉的豌豆羞死了，便连忙溜走了。</p><ul><li class=""unordered-list-item"">如果您想知道它们接下来做了什么，前往19。</li><li class=""unordered-list-item"">如果您不想知道，前往21。
</li></ul><p data-align=""left"" data-page=""0"">19 它们努力跑回自己的豆荚，把自己关了起来，又重新睡着了。</p><ul><li class=""unordered-list-item"">如果您想知道后续，前往20。</li><li class=""unordered-list-item"">如果您不愿意，前往21。
</li></ul><p data-align=""left"" data-page=""0"">20 没有后续了，故事结束。
</p><p data-align=""left"" data-page=""0"">21 这样的话，故事也就结束了。</p><p></p>"
尤利西斯和海妖塞壬的故事,https://www.douban.com/note/777435533/,2020-09-11 17:46:39,2020-09-11 17:46:39,"<p data-page=""0""> </p><p data-page=""0"">尤利西斯要穿过那片海域，他听说那里有危险而充满诱惑的海妖。</p><p data-page=""0"">“海妖会吃了我们么？”愚蠢的见习水手问道。</p><p data-page=""0"">“不，她们并不会立马吃了你。”尤利西斯平静地说，“海妖会抓走你、吻你，并给予你在水下呼吸的能力。她们美丽而温柔，轻言细语地说着异族的话语，并耐心地教授你水下生存的技能。你慢慢放弃挣扎，冷静下来去适应那里的生活。你学习了她们的语言，并逐渐明白那动人的歌声里有着多么凄美的传说。你不再害怕，甚至不经意地爱上了她。你们熟悉彼此，像一切童话故事那样，一起劳作，一起生活。你几乎快要忘记海面之上的人生，那些曾经的冒险似乎成为了上辈子的记忆。你看着熟睡在臂弯中的她，那美丽的睫毛闪耀着珍珠般的光芒，于是下定决心，要同她一辈子厮守，直到这一天到来，她才会吃了你。”</p>"
【译介】法国风景，风景作为风格,https://www.douban.com/note/762613942/,2020-05-14 17:04:52,2020-12-07 06:17:22,"<p data-page=""0"">第三章，这一节改动的部分挺多的，主要是因为原文越来越水了。当时因为未知的原因，我删掉了 Xavier Zimmermann、 Thibaut Cuisset 和 Raymond Depardon 的部分，然后把 Maxence Rifflet 塞了进去。这回把前三者的补上了。</p><h2 data-page=""0"">前言</h2><p data-page=""0"">九十年代的法国风景摄影继承了DATAR任务中对风景经验的探索。与此同时，在与官方的合作中，摄影师也间接地参与了这样一个过程，即把照片从历史档案铸成了国家纪念碑，并印刻在人们心中。这样的转变是否意味着一种新的风景范式正在成型 ？ </p><p data-page=""0"">千禧年之后的法国的风景摄影便诞生在这样的疑虑之中，它变得越发复杂和难以归类。一方面，地方机构为摄影师提供了许许多多的驻地项目，摄影依靠记录与艺术之间的供需关系，延续着风景观测的脉络。但另一方面，艺术家的个人项目层出不穷，他们采取更加激进和介入的方式去探索风景的不同侧面：不仅是物质、人文的，还是社会、经济的。</p><p data-page=""0"">如同 Raymond Queneau 在「风格练习」中，用九十九种不同的叙事风格演绎同一个故事。风景在变得不可避免的同时，成为了艺术家们实验各种摄影风格的材料。不论是为了塑造地方身份，还是在全国自由漫步，摄影师们都有一个共同的目标：为法国风景提供新的解读可能。</p><div class=""separator""><hr></div><h2 data-page=""0"">风景作为一种风格</h2><p data-page=""0"">地方机构与摄影师或艺术家，似乎回到了一种传统的供需关系。比如地中海摄影中心 Le Centre Méditerranéen de la Photographie 邀请诸如 Massimo Vitali、Stephane Couturier 或 Dolores Marat 这样个人风格显著的摄影师在科西嘉岛上进行创作。例如 Dolores Marat 模糊、晃动、失焦的图像，就完美契合了该地区的风土。艺术家以特定主题进行自由创作，而地方政府则借此宣传本土风情，具有强烈个人风格的摄影师因而备受青睐。因为作品不再是项目或订单的附庸，摄影师风格与地方美景的结合成为了项目的主体。</p><div class=""image-container image-float-center""><div class=""image-wrapper""><img height=""auto"" src=""https://img9.doubanio.com/view/note/l/public/p72507428.jpg""></div></div><p></p><div class=""image-container image-float-center""><div class=""image-wrapper""><img height=""auto"" src=""https://img9.doubanio.com/view/note/l/public/p72507427.jpg""></div></div><p></p><div class=""image-container image-float-center""><div class=""image-wrapper""><img height=""auto"" src=""https://img9.doubanio.com/view/note/l/public/p72507434.jpg""></div></div><p></p><div class=""image-container image-float-center""><div class=""image-wrapper""><img height=""auto"" src=""https://img9.doubanio.com/view/note/l/public/p72507430.jpg""></div></div><p></p><div class=""image-container image-float-center""><div class=""image-wrapper""><img height=""auto"" src=""https://img9.doubanio.com/view/note/l/public/p72507436.jpg""></div></div><p></p><div class=""image-container image-float-center""><div class=""image-wrapper""><img height=""auto"" src=""https://img9.doubanio.com/view/note/l/public/p72507435.jpg""></div></div><p data-page=""0"">在法国北方，也有像上诺曼底图片社 Pôle Image Haute-Normandie 这样的机构为摄影师提供创作的土壤。其名为「风景、领土和社会化」Paysages, Territoires et Socialisation 的委托充分展现了风景在时间作用下的复杂与丰富。 </p><p data-page=""0"">比如 Elger Esser，他使用照相凹版印刷 héliogravure 创造的独特的画面感，常常使观众们想起起印象派绘画或是普鲁斯特的文学作品。而这份亲密的熟悉感，恰恰说明了观看与体验本身在一定程度上受到历史既存图示的制约。</p><div class=""image-container image-float-center""><div class=""image-wrapper""><img height=""auto"" src=""https://img9.doubanio.com/view/note/l/public/p72507424.jpg""></div></div><p></p><div class=""image-container image-float-center""><div class=""image-wrapper""><img height=""auto"" src=""https://img9.doubanio.com/view/note/l/public/p72507573.jpg""></div></div><p></p><div class=""image-container image-float-center""><div class=""image-wrapper""><img height=""auto"" src=""https://img9.doubanio.com/view/note/l/public/p72507572.jpg""></div></div><p data-page=""0"">在另一边， Maxence Rifflet 拍摄了从鲁昂到勒阿弗尔这一片河道地区的自然公园。他在展现这里脆弱的自然生态同时，也试图去勾勒建构其上的人类活动。在这里生活的修道院的修士、养蜂人和林业工人似乎与自然维系着前现代式的宁静生活，然而画面之下却隐含着一种脆弱的不安感。</p><div class=""image-container image-float-center""><div class=""image-wrapper""><img height=""auto"" src=""https://img9.doubanio.com/view/note/l/public/p72507560.jpg""></div></div><p></p><div class=""image-container image-float-center""><div class=""image-wrapper""><img height=""auto"" src=""https://img9.doubanio.com/view/note/l/public/p72507559.jpg""></div></div><p></p><div class=""image-container image-float-center""><div class=""image-wrapper""><img height=""auto"" src=""https://img9.doubanio.com/view/note/l/public/p72507562.jpg""></div></div><p></p><div class=""image-container image-float-center""><div class=""image-wrapper""><img height=""auto"" src=""https://img9.doubanio.com/view/note/l/public/p72507563.jpg""></div></div><p></p><p data-page=""0"">德国杜塞尔多夫学派的类型学研究风格也影响着法国的摄影师。他们不再四处游荡，随意地猎取图像，而是以严谨的方式对某一个特定的主题进行深入而系统的挖掘。Xavier Dauny 所拍摄的电缆塔是这种风格的最好例证。在他的图像里，电缆塔象征了土地现代化的过程，却并未因此被看作一种对风景的污染。Dauny 反而强调了它们的雕塑美感，认为这些依照系统方法修建的金属造物，呈现出了一种音乐般的奇妙变化。</p><div class=""image-container image-float-center""><div class=""image-wrapper""><img height=""auto"" src=""https://img9.doubanio.com/view/note/l/public/p72507438.jpg""></div></div><p></p><div class=""image-container image-float-center""><div class=""image-wrapper""><img height=""auto"" src=""https://img9.doubanio.com/view/note/l/public/p72507437.jpg""></div></div><p></p><div class=""image-container image-float-center""><div class=""image-wrapper""><img height=""auto"" src=""https://img9.doubanio.com/view/note/l/public/p72507440.jpg""></div></div><p></p><div class=""image-container image-float-center""><div class=""image-wrapper""><img height=""auto"" src=""https://img9.doubanio.com/view/note/l/public/p72507439.jpg""></div></div><p></p><p data-page=""0"">Baptiste Schmitt 同样思考着人造物与环境的关系。他每天徒步8到12公里，探索饱受土地荒漠化影响的乡村区域。他沿着干旱对角线 La diagonale aride —— 此地理区域从法国的阿登山脉一直延伸到中央平原的康塔尔省——一路上收集着那些令人惊讶的和不协调的设施、建筑和雕塑的图像。这些现代社会的产物，如同来自远古的纪念碑，悼念着这片人口日益减少的土地。</p><div class=""image-container image-float-center""><div class=""image-wrapper""><img height=""auto"" src=""https://img9.doubanio.com/view/note/l/public/p72507457.jpg""></div></div><p></p><div class=""image-container image-float-center""><div class=""image-wrapper""><img height=""auto"" src=""https://img9.doubanio.com/view/note/l/public/p72507456.jpg""></div></div><p></p><div class=""image-container image-float-center""><div class=""image-wrapper""><img height=""auto"" src=""https://img9.doubanio.com/view/note/l/public/p72507461.jpg""></div></div><p></p><div class=""image-container image-float-center""><div class=""image-wrapper""><img height=""auto"" src=""https://img9.doubanio.com/view/note/l/public/p72507460.jpg""></div></div><p></p><div class=""image-container image-float-center""><div class=""image-wrapper""><img height=""auto"" src=""https://img9.doubanio.com/view/note/l/public/p72507470.jpg""></div></div><p></p><div class=""image-container image-float-center""><div class=""image-wrapper""><img height=""auto"" src=""https://img9.doubanio.com/view/note/l/public/p72507466.jpg""></div></div><p></p><div class=""image-container image-float-center""><div class=""image-wrapper""><img height=""auto"" src=""https://img9.doubanio.com/view/note/l/public/p72507472.jpg""></div></div><p></p><div class=""image-container image-float-center""><div class=""image-wrapper""><img height=""auto"" src=""https://img9.doubanio.com/view/note/l/public/p72507475.jpg""></div></div><p></p><div class=""image-container image-float-center""><div class=""image-wrapper""><img height=""auto"" src=""https://img9.doubanio.com/view/note/l/public/p72507477.jpg""></div></div><p data-page=""0"">Bertrand Stofletch 则选择沿着罗纳河畔，从瑞士的河流源头一直漫游到地中海的入海口。他的作品 「Rhodanie」里忧郁而滑稽的小素描，不免让人想起 Joel Sternfeld 的 「American Prospects」。两者都善于捕捉旅途中稍纵即逝的瞬间，并赋予空间独特的戏剧张力，如同临时布景的小型剧场。</p><div class=""image-container image-float-center""><div class=""image-wrapper""><img height=""auto"" src=""https://img9.doubanio.com/view/note/l/public/p72507481.jpg""></div></div><p></p><div class=""image-container image-float-center""><div class=""image-wrapper""><img height=""auto"" src=""https://img9.doubanio.com/view/note/l/public/p72507551.jpg""></div></div><p></p><div class=""image-container image-float-center""><div class=""image-wrapper""><img height=""auto"" src=""https://img9.doubanio.com/view/note/l/public/p72507550.jpg""></div></div><p></p><p data-page=""0"">Brigitte Olivier 则用水、天空和地平线组成了她的冥想图像。她使用圆形的画框，让人联想起守望者的望远镜。从远处观望这片水天分界之处，在白天和黑夜里揭示了光和物质的无限变化，有时一种物质与另一种物质融合在一起。</p><div class=""image-container image-float-center""><div class=""image-wrapper""><img height=""auto"" src=""https://img9.doubanio.com/view/note/l/public/p72507488.jpg""></div></div><p></p><div class=""image-container image-float-center""><div class=""image-wrapper""><img height=""auto"" src=""https://img9.doubanio.com/view/note/l/public/p72507482.jpg""></div></div><p></p><div class=""image-container image-float-center""><div class=""image-wrapper""><img height=""auto"" src=""https://img9.doubanio.com/view/note/l/public/p72507490.jpg""></div></div><p></p><p data-page=""0"">Thibaut Cuisset 把目光转向法国乡村的同时，也避免流俗于旖旎风光。视觉的宁静以及对光线处理上的巧思产生了一种柔和而细腻的效果，并揭示了乡村世界的动荡。</p><div class=""image-container image-float-center""><div class=""image-wrapper""><img height=""auto"" src=""https://img9.doubanio.com/view/note/l/public/p72507619.jpg""></div></div><p></p><div class=""image-container image-float-center""><div class=""image-wrapper""><img height=""auto"" src=""https://img9.doubanio.com/view/note/l/public/p72507622.jpg""></div></div><p data-page=""0"">Xavier Zimmermann 的系列作品法国风景 Paysages français 构图严谨宛如画作。画面中，单调的广阔天空高悬于城市边缘狭窄的乡村地带。田野和森林组成了名副其实的法式园林。</p><div class=""image-container image-float-center""><div class=""image-wrapper""><img height=""auto"" src=""https://img9.doubanio.com/view/note/l/public/p72507901.jpg""></div></div><p></p><div class=""image-container image-float-center""><div class=""image-wrapper""><img height=""auto"" src=""https://img9.doubanio.com/view/note/l/public/p72507902.jpg""></div></div><p></p><p data-page=""0"">对另外一些摄影师来说，摄影不仅是审美媒介或是客观观察的工具，也是一种以个人的方式介入与批评社会的方法。如同艺术史家 Jean-Francois Chevrier 所言，私人用的报道摄影 reportage à usage privé 改写了我们对于新闻和信息的看法。</p><p data-page=""0"">1978年，在反对拆除隆维矿区工厂的暴力罢工中，极具社会责任感的激进摄影师和平面设计师 Alex Jordan 和 Andre Lejarre 拿起相机走上了街头</p><div class=""image-container image-float-center""><div class=""image-wrapper""><img height=""auto"" src=""https://img9.doubanio.com/view/note/l/public/p72507492.jpg""></div></div><p></p><div class=""image-container image-float-center""><div class=""image-wrapper""><img height=""auto"" src=""https://img9.doubanio.com/view/note/l/public/p72507540.jpg""></div></div><p></p><div class=""image-container image-float-center""><div class=""image-wrapper""><img height=""auto"" src=""https://img9.doubanio.com/view/note/l/public/p72507539.jpg""></div></div><p></p><p data-page=""0"">三十年后，Bar Floréal 组织的十名摄影师重返洛林地区，考察了当时发生激烈冲突的地域。然而现实是，自那之后，隆维地区经济衰退，渐渐被时代边缘。</p><div class=""image-container image-float-center""><div class=""image-wrapper""><img height=""auto"" src=""https://img9.doubanio.com/view/note/l/public/p72507493.jpg""></div></div><p></p><p data-page=""0"">反思后工业时代似乎成为了那一代摄影师的核心主题，在 Jurgen Nefzger 的作品「浮云」Fluffy Clouds 中，也不乏这样的批判视角 （将他的作品与 Mitch Epstein 的 「American Power」 对比来看似乎很有意思）。摄影师穿过那些工业和旅游区域的交叉地带，见证了一个在工业发展与大众消费中逐渐异化的法国。河边贪睡的垂钓者、无忧无虑的海滨游客，还有远足的学生团体，在这些看似美好的中产生活背后，却总穿插着核电站令人不安的剪影。</p><div class=""image-container image-float-center""><div class=""image-wrapper""><img height=""auto"" src=""https://img9.doubanio.com/view/note/l/public/p72507494.jpg""></div></div><p></p><div class=""image-container image-float-center""><div class=""image-wrapper""><img height=""auto"" src=""https://img9.doubanio.com/view/note/l/public/p72507521.jpg""></div></div><p></p><div class=""image-container image-float-center""><div class=""image-wrapper""><img height=""auto"" src=""https://img9.doubanio.com/view/note/l/public/p72507517.jpg""></div></div><p></p><p data-page=""0"">试图从整体上的把握法国领土将是一项巨大的事业，以至于其大陆上的每一幅全景都像是作者或是国家的专著。 其中最引人瞩目的作品之一当属 Raymond Depardon 的「法国的副省」。它将我们扔进了一个另一个时代，一个陈词滥调 cliché 的法国。</p><div class=""image-container image-float-center""><div class=""image-wrapper""><img height=""auto"" src=""https://img9.doubanio.com/view/note/l/public/p72507973.jpg""></div></div><p></p><p data-page=""0"">Gilles Leimdorfer 的摄影作品似乎传承了 Robert Frank 的精神内核，只不过这一次讲述的是属于法国的「神话学」。他穿越那些寻常的地点（这似乎是暗指 Stephen Shore 的「Uncommon Places」），去寻找一个只存在于想象中的永恒法国。然而国家形象与现实世界的巨大反差刺破了神话的面具。</p><div class=""image-container image-float-center""><div class=""image-wrapper""><img height=""auto"" src=""https://img9.doubanio.com/view/note/l/public/p72507531.jpg""></div></div><p></p><div class=""image-container image-float-center""><div class=""image-wrapper""><img height=""auto"" src=""https://img9.doubanio.com/view/note/l/public/p72507582.jpg""></div></div><p></p><div class=""image-container image-float-center""><div class=""image-wrapper""><img height=""auto"" src=""https://img9.doubanio.com/view/note/l/public/p72507583.jpg""></div></div><p></p><div class=""image-container image-float-center""><div class=""image-wrapper""><img height=""auto"" src=""https://img9.doubanio.com/view/note/l/public/p72507585.jpg""></div></div><p></p><p data-page=""0"">关于法国现实的作品也不尽然是批判的，Bertrand Meunier 在他的系列作品「我来自这里」Je suis d'ici 中就表现了一种背井离乡的孤独感。他回到童年的家乡，去寻找关于个人身份的答案。然而却在拍摄的过程中意识到，以一种回溯的方式去寻找单一的根源是不能成立的。源头自身的复杂性并不能依靠简单的乡愁化解。</p><div class=""image-container image-float-center""><div class=""image-wrapper""><img height=""auto"" src=""https://img9.doubanio.com/view/note/l/public/p72507527.jpg""></div></div><p></p><div class=""image-container image-float-center""><div class=""image-wrapper""><img height=""auto"" src=""https://img9.doubanio.com/view/note/l/public/p72507526.jpg""></div></div><p></p><div class=""image-container image-float-center""><div class=""image-wrapper""><img height=""auto"" src=""https://img9.doubanio.com/view/note/l/public/p72507532.jpg""></div></div><p></p><p data-page=""0"">纵观90年代末到2000年初的风景摄影，摄影史学者 Danièle Meaux 观察到了这样一种地理学式的转向：风景的概念被拓展到一切与人类活动相关的场所，不论它是人文、社会还是经济的风景。摄影师的关注点从风景的艺术和审美取向，转移到了空间本身。我们更多的去强调土地与空间这样的概念，并试图理解个人空间（身体、心理、私密的）与公共空间（种族、工业、政治的）盘根错节的复杂关系。她将这种新风潮称作「地理摄影」géo-photographie。在她看来，风景摄影将不再局限于对媒介和题材的探索，而是通过与作家或地理学家合作，去研究特定的地域和空间。</p><p></p>"
【译介】法国风景，风景的时间,https://www.douban.com/note/762373531/,2020-05-12 20:52:14,2020-12-07 06:18:18,"<p data-page=""0"">接<a class=""link"" href=""https://www.douban.com/note/762282799/"" rel=""nofollow"">上文</a>，这是展览的第二节。</p><p data-page=""0""> </p><h2 data-page=""0"">前言</h2><p data-page=""0"">DATAR 摄影计划成功地实现了一种审美的反转，即对普遍与日常风景的关注。通过这种看似平淡无奇的摄影实践，我们注意到了那些通常被忽略的景色。这样的转变惊喜又迷人，如同大多数作品向我们揭示的那样：崇高与平庸，远没有人们想象的那么对立。</p><p data-page=""0"">DATAR 摄影计划绝非法国风景探索的终点，事实上，法国大大小小的观测站延续了这样使命。它们与摄影师合作，为小到一个社区大到一个省份的地域留下时代的切片。不少项目持续长达数年甚至数十年之久。这些照片往往依照一些严格而系统的拍摄协议，但在成为一份图例清单的同时，也具有无可辩驳的美学价值。而对于摄影师来说，挑战便是在既定的规则中，寻求突破完成艺术创作。</p><div class=""separator""><hr></div><h2 data-page=""0"">风景的时间</h2><p data-page=""0"">20世纪90年代，风景成为了法国政府土地规划政策的重点。从1993年通过的「景观法」，到千禧年初通过的「欧洲景观公约」，景观被看作一种需要保护的国家资源。而在这个将风景当作纪念碑，成为代表国家面貌的重要场所的过程中，摄影可以说是功不可没。</p><p data-page=""0"">例如自1975年成立的海岸线保护组织 Conservatoire du Littoral ，从与DATAR的第一次合作开始，该机构便邀请诸如像 Jean-Christophe Ballot、John Batho、Michael Kenna 或是 Sabine Delcour 这样的摄影师参与到项目中。每次活动都是特定地点与摄影风格的一期一会。</p><div class=""image-container image-float-center""><div class=""image-wrapper""><img height=""auto"" src=""https://img9.doubanio.com/view/note/l/public/p72465944.jpg""></div></div><p></p><div class=""image-container image-float-center""><div class=""image-wrapper""><img height=""auto"" src=""https://img9.doubanio.com/view/note/l/public/p72465949.jpg""></div></div><p></p><div class=""image-container image-float-center""><div class=""image-wrapper""><img height=""auto"" src=""https://img9.doubanio.com/view/note/l/public/p72465996.jpg""></div></div><p></p><div class=""image-container image-float-center""><div class=""image-wrapper""><img height=""auto"" src=""https://img9.doubanio.com/view/note/l/public/p72465985.jpg""></div></div><p></p><div class=""image-container image-float-center""><div class=""image-wrapper""><img height=""auto"" src=""https://img9.doubanio.com/view/note/l/public/p72465999.jpg""></div></div><p></p><div class=""image-container image-float-center""><div class=""image-wrapper""><img height=""auto"" src=""https://img9.doubanio.com/view/note/l/public/p72466004.jpg""></div></div><p></p><div class=""image-container image-float-center""><div class=""image-wrapper""><img height=""auto"" src=""https://img9.doubanio.com/view/note/l/public/p72466038.jpg""></div></div><p data-page=""0"">另一方面，随着巨型工程项目的实施，景观本身也在发生变化。</p><p data-page=""0"">例如在巴黎，拉德芳斯的扩建和法国国家图书馆的落成，从历史轴线的两端改变了首都的面貌。Martin Becka 拍摄了这些「密特朗时代」的工程项目。他使用黑白照片，和卡罗摄影法这样的古典技法拍摄。他的影像不免让我们回忆起那些记录巴黎奥斯曼时期的伟大作品，例如 Charles Marville 于十九世纪中叶拍摄的照片。</p><div class=""image-container image-float-center""><div class=""image-wrapper""><img height=""auto"" src=""https://img9.doubanio.com/view/note/l/public/p72466081.jpg""></div></div><p></p><div class=""image-container image-float-center""><div class=""image-wrapper""><img height=""auto"" src=""https://img9.doubanio.com/view/note/l/public/p72466212.jpg""></div></div><p data-page=""0"">自1986年一月，法国和英国政府联合发起了建造英吉利海底隧道的世纪工程。由 Pierre Devin 领导的跨海峡摄影任务 La Mission photographique transmanche则跟踪拍摄了整个工程的发展和后续，整个过程持续长达20年。</p><p data-page=""0"">这个项目的摄影师多达28名，其中有像 Marilyn Bridges 和 Philippe Lesage 那样跟踪拍摄工地现场的艺术家。也有像 Ralph Hinterkeuser 这种，将目光聚焦于北加莱地区在工程影响下的发展变化。</p><div class=""image-container image-float-center""><div class=""image-wrapper""><img height=""auto"" src=""https://img9.doubanio.com/view/note/l/public/p72466167.jpg""></div></div><p></p><div class=""image-container image-float-center""><div class=""image-wrapper""><img height=""auto"" src=""https://img9.doubanio.com/view/note/l/public/p72466286.jpg""></div></div><p></p><div class=""image-container image-float-center""><div class=""image-wrapper""><img height=""auto"" src=""https://img9.doubanio.com/view/note/l/public/p72466273.jpg""></div></div><p data-page=""0"">在上文提到的工程项目中，摄影实际上扮演着两个不同的角色，它既是具有分析作用的纪实工具，同时也是一件独立的艺术作品。</p><p data-page=""0"">现如今法国大约有20座以摄影为基础的观测站，其中一些已经存在了25年以上。例如其中最为知名的国家风景摄影研究所 Observatoire photographique national du paysage。他们与摄影师合作，立足于地方，以时间为单位来记录和呈现风景的变化。</p><div class=""image-container image-float-center""><div class=""image-wrapper""><img height=""auto"" src=""https://img9.doubanio.com/view/note/l/public/p72466310.jpg""></div></div><p></p><div class=""image-container image-float-center""><div class=""image-wrapper""><img height=""auto"" src=""https://img9.doubanio.com/view/note/l/public/p72466312.jpg""></div></div><p></p><div class=""image-container image-float-center""><div class=""image-wrapper""><img height=""auto"" src=""https://img9.doubanio.com/view/note/l/public/p72466388.jpg""></div></div><p></p><div class=""image-container image-float-center""><div class=""image-wrapper""><img height=""auto"" src=""https://img9.doubanio.com/view/note/l/public/p72466387.jpg""></div></div><p data-page=""0"">以时间为单位审视土地，能让我们感受到风景的变化。在这里，线性的时空常让位于季节的循环，或被突如其来的建设所打破。正如我们在 Gerard Dalla Santa 或 Anne Favret 和 Patrick Manez 的作品中所看到的那样。</p><div class=""image-container image-float-center""><div class=""image-wrapper""><img height=""auto"" src=""https://img9.doubanio.com/view/note/l/public/p72466516.jpg""></div></div><p></p><div class=""image-container image-float-center""><div class=""image-wrapper""><img height=""auto"" src=""https://img9.doubanio.com/view/note/l/public/p72466515.jpg""></div></div><p></p><div class=""image-container image-float-center""><div class=""image-wrapper""><img height=""auto"" src=""https://img9.doubanio.com/view/note/l/public/p72466638.jpg""></div></div><p></p><div class=""image-container image-float-center""><div class=""image-wrapper""><img height=""auto"" src=""https://img9.doubanio.com/view/note/l/public/p72466667.jpg""></div></div><p></p><div class=""image-container image-float-center""><div class=""image-wrapper""><img height=""auto"" src=""https://img9.doubanio.com/view/note/l/public/p72466753.jpg""></div></div><p></p><div class=""image-container image-float-center""><div class=""image-wrapper""><img height=""auto"" src=""https://img9.doubanio.com/view/note/l/public/p72466756.jpg""></div></div><p></p><div class=""image-container image-float-center""><div class=""image-wrapper""><img height=""auto"" src=""https://img9.doubanio.com/view/note/l/public/p72466798.jpg""></div></div><p></p><div class=""image-container image-float-center""><div class=""image-wrapper""><img height=""auto"" src=""https://img9.doubanio.com/view/note/l/public/p72466789.jpg""></div></div><p data-page=""0"">在这样的观察中，Thibaut Cuisset 的作品无疑是其中最为戏剧性的，他对风景的呈现令人惊奇（该系列之后由摄影师 Max Grammare 和 Sophie Riguel 拍摄）。</p><p data-page=""0"">在布列塔尼的 Côtes-d’Armor 附近，摄影师选择了一处视野辽阔的垭口以固定的机位进行拍摄。随着时间推移，视野中壮阔的美景（veduta）逐渐被建设中的房屋阻断、隔绝。而在构图中心的窗帘，年复一年几乎看不到任何变化。在这个过程中，影像由全景的视野逆转成了面对面的图像，使观众意识到了观看者本身的存在。影像的纪实性退场，转而强调了图像的观念性，从而引出对风景本身的思考。</p><div class=""image-container image-float-center""><div class=""image-wrapper""><img height=""auto"" src=""https://img9.doubanio.com/view/note/l/public/p72466848.jpg""></div></div><p></p><div class=""image-container image-float-center""><div class=""image-wrapper""><img height=""auto"" src=""https://img9.doubanio.com/view/note/l/public/p72466835.jpg""></div></div><p></p><div class=""image-container image-float-center""><div class=""image-wrapper""><img height=""auto"" src=""https://img9.doubanio.com/view/note/l/public/p72466920.jpg""></div></div><p></p><div class=""image-container image-float-center""><div class=""image-wrapper""><img height=""auto"" src=""https://img9.doubanio.com/view/note/l/public/p72466914.jpg""></div></div><p></p><div class=""image-container image-float-center""><div class=""image-wrapper""><img height=""auto"" src=""https://img9.doubanio.com/view/note/l/public/p72467000.jpg""></div></div><p></p><div class=""image-container image-float-center""><div class=""image-wrapper""><img height=""auto"" src=""https://img9.doubanio.com/view/note/l/public/p72466989.jpg""></div></div><p></p><div class=""image-container image-float-center""><div class=""image-wrapper""><img height=""auto"" src=""https://img9.doubanio.com/view/note/l/public/p72467111.jpg""></div></div><p></p><div class=""image-container image-float-center""><div class=""image-wrapper""><img height=""auto"" src=""https://img9.doubanio.com/view/note/l/public/p72467136.jpg""></div></div><p></p><div class=""image-container image-float-center""><div class=""image-wrapper""><img height=""auto"" src=""https://img9.doubanio.com/view/note/l/public/p72467373.jpg""></div></div><p data-page=""0"">在法国南部，欧洲-地中海摄影任务 (2002-2009) La mission photographique Euroméditerranée 致力于记录日新月异的马赛都市。在经济的刺激下，都市迫不及待地拓展着自己的外延。如同 Emmanuel Pinard 冷峻的照片中，交通道路刺穿了城市，而一旁的荒地上杂草丛生。</p><div class=""image-container image-float-center""><div class=""image-wrapper""><img height=""auto"" src=""https://img9.doubanio.com/view/note/l/public/p72467589.jpg""></div></div><p data-page=""0"">而在城市的外围，当我们以为郊区已经被城市的发展抛弃时，而摄影师 Brigitte Bauer 的作品则挑战了这样的观点。在他的镜头下，这些地方不仅充满活力还焕发着新生。在这里，居住的概念被拓展到了公共空间。我们能在交通、城市道路、临时或永久的设施中看到它。城市的所有空隙都被草坪、栏杆和高架桥塞满。</p><div class=""image-container image-float-center""><div class=""image-wrapper""><img height=""auto"" src=""https://img9.doubanio.com/view/note/l/public/p72467337.jpg""></div></div><p></p><div class=""image-container image-float-center""><div class=""image-wrapper""><img height=""auto"" src=""https://img9.doubanio.com/view/note/l/public/p72467498.jpg""></div></div><p data-page=""0"">观测项目不仅存在于法国本土，也在海外飞地上进行。</p><p data-page=""0"">从1989年到1994年间，Trwa Kartié 项目的三位摄影师记录了留尼汪岛上 Piton Saint-Leu、 Rivière des Galets 和 Trois-Bassins 三个地区的重建过程。他们在在社区尺度上进行拍摄，影像中流露出一种亲密的生活感。例如 Jean Bernard 的照片，展示了房间的内景与窗外的景色，以及人同其居所的微妙联系。</p><div class=""image-container image-float-center""><div class=""image-wrapper""><img height=""auto"" src=""https://img9.doubanio.com/view/note/l/public/p72468201.jpg""></div></div><p></p><div class=""image-container image-float-center""><div class=""image-wrapper""><img height=""auto"" src=""https://img9.doubanio.com/view/note/l/public/p72468411.jpg""></div></div><p></p><div class=""image-container image-float-center""><div class=""image-wrapper""><img height=""auto"" src=""https://img9.doubanio.com/view/note/l/public/p72468390.jpg""></div></div><p data-page=""0"">观测项目大多有着规定好的协议与框架，而摄影师则试图突破这种限制。由 Bertrand Stofries 和 Geoffroy Mathieu 领导的「损耗的风景」 Paysages usagés 项目便是这种尝试的代表。这项独特的观测项目沿着马赛周围365公里长的路线进行勘测，展现了一种介于都市和乡村之间的城市的风貌。它以划破图像的白线介入照片，质问观测站的协议标准。</p><div class=""image-container image-float-center""><div class=""image-wrapper""><img height=""auto"" src=""https://img9.doubanio.com/view/note/l/public/p72467886.jpg""></div></div><p></p><div class=""image-container image-float-center""><div class=""image-wrapper""><img height=""auto"" src=""https://img9.doubanio.com/view/note/l/public/p72467929.jpg""></div></div><p></p><div class=""image-container image-float-center""><div class=""image-wrapper""><img height=""auto"" src=""https://img9.doubanio.com/view/note/l/public/p72468272.jpg""></div></div><p data-page=""0"">长久以来，摄影因能捕捉瞬间而引人注目。但如今摄影也呈现出一种能刻画时间长度的能力。摄影缝上了客观记录与主观选择之间模糊不清的边界，令人意想不到的诗意与惊奇从这裂隙中涌现。官方的纪实档案由纯粹的照片蜕变为了艺术品，开拓着风景自身的边界。</p><p></p>"
【译介】法国风景，风景的经验,https://www.douban.com/note/762282799/,2020-05-12 06:26:29,2020-12-07 06:18:48,"<p data-page=""0"">搬运一下去年暑假翻译的文章。内容来自BnF的<a class=""link"" href=""http://expositions.bnf.fr/paysages-francais/index-en.php#accueil"" rel=""nofollow"" target=""_blank"">线上展览</a>：「法国风景：摄影冒险，1984-2017」。线上展览是英法双语的，推荐直接看原网站。 全文有四个章节，当时翻译并编辑了前三节：<a class=""link"" href=""https://www.douban.com/note/762373531/"" rel=""nofollow"">第二章</a>，<a class=""link"" href=""https://www.douban.com/note/762613942/"" rel=""nofollow"">第三章</a>。</p><p data-page=""0"">这本👇是展览的图册，挺好看的。</p><div class=""subject-container""><div class=""subject-wrapper""><a href=""https://book.douban.com/subject/27185879/""><div class=""subject-cover""><img src=""https://img9.doubanio.com/view/subject/l/public/s29595270.jpg""></div><div class=""subject-info""><div class=""subject-title""><span class=""title-text"">Paysages Français - Une aventure ph</span></div><div class=""subject-rating""><span class=""rating-star0""></span><span class=""rating-star0""></span><span class=""rating-star0""></span><span class=""rating-star0""></span><span class=""rating-star0""></span><span class=""rating-reason"">评价人数不足</span></div><div class=""subject-summary"">Raphaele Bertho Heloise Conesa / 2017 / BnF éditions</div></div></a><span data-subject-interest=""""></span></div></div><p></p><div class=""separator""><hr></div><h2 data-page=""0"">前言</h2><p data-page=""0"">提到当代风景摄影是如何改变我们对于景观本身的看法时，我们常常会想起在美国乔治伊斯曼博物馆举办的两个展览：1966年的「当代摄影师：向着社会的风景」（Contempory Photographers：Toward a Social Landscape）和1975年的「新地形学」（New Topographics：Photographs of a Man-Altered Landscape）。这两个展览都打破了我们对于风景本身的预设，即认为它是一种与自然相关的图景。大好河山也好，田园风光也罢，当我们思考如何再现眼前的景色时，总难以避免的去依循一些既存的图像。从十七世纪的Claude Lorrain到十九世纪的Caspar David Friedrich再到二十世纪的Ansel Adams，这些伟大的艺术家在记录那些美丽景色的同时，也塑造和巩固了风景的概念。</p><p data-page=""0"">随着工业社会的发展，自然和人类社会间的界限变得越来越模糊，而风景这个概念本身也遭到了质疑。Stephen Shore这样的摄影师则意识到，摄影具有能力让我们重新思考「何为风景」。它打破了传统的风景样式，并拓展了风景的视觉外延。那些日常的、社会的、自然与文明混合的景象因而出现在了我们的视野当中。不过当我们感叹美国的摄影师完全改变了大家观看方式的同时，却常常忽略了欧洲艺术家们对这个传统的贡献，比如意大利的Guido Guidi又或是法国的Jean-Marc Bustamante。</p><p data-page=""0"">本文想介绍的，正是延续了这样一个思辨传统的DATAR摄影计划。一如稍早的「新地形」摄影，在大西洋彼岸的这批摄影师则立足于法国，用视觉去探讨何为「法国风景」。</p><div class=""separator""><hr></div><h2 data-page=""0"">风景的经验</h2><p data-page=""0"">1984年，法国政府的下属部门——土地规划和区域发展部门（DATAR）派出了29名不同背景的摄影师前往实地拍摄能「代表法国八十年代的景观」。</p><p data-page=""0"">这个项目鼓励摄影师把个人的土地经验和自身的感性体验放在首位。不仅是做一份图例，而是将日常所见变为景观，制作以「人的尺度」为标准的图像。航空和新闻摄影自然不在此例。艺术家们借此机会尝试各式各样的视觉冒险，把这项任务变成了一个货真价实的实验。</p><p data-page=""0"">DATAR计划继承了摄影史上那些最具象征意义的项目：比如1851年由历史遗迹委员会（Commission des monuments historiques）委派的日光画任务（Mission héliographique）；或者由农场安全管理局（Farm Security Administration, 1935-1942）委托的记录大萧条时期美国的项目。它同「新地形」（New Topographics）也一脉相承。这个1975年的展览，通过更多地关注日常生活与普通事物，改变了我们对美国景观的想象。与此同时，DATAR计划也从概念艺术和大地艺术的探索中得到给养。</p><p data-page=""0"">在我们的认识中，「风景」（paysage）一词通常指的是土地的乡村部分，由田地和森林覆盖，点缀些许村庄。如同美国人Frank Gohlke用这幅照片描绘的一幅永恒的、近乎田园诗般的景象。</p><div class=""image-container image-float-center""><div class=""image-wrapper""><img height=""auto"" src=""https://img9.doubanio.com/view/note/l/public/p72442758.jpg""></div></div><p data-page=""0"">DATAR让摄影师们自由发挥，但这并不意味着与过去的彻底决裂。恰恰相反，对于艺术家们来说，问题在于继承亦或扬弃19世纪以来的视觉遗产。是后者建构了对国家风景的再现。</p><p data-page=""0"">Pierre de Fenoÿl便斥责这样一种岁月静好的视角。 他选择拍摄那些具有精准轮廓和高对比度的影像，并主观地介入风景，将其与时间联系起来。他将自己的图像命名为「时间摄影」（chronophotographie）。</p><div class=""image-container image-float-center""><div class=""image-wrapper""><img height=""auto"" src=""https://img9.doubanio.com/view/note/l/public/p72442782.jpg""></div></div><p></p><div class=""image-container image-float-center""><div class=""image-wrapper""><img height=""auto"" src=""https://img9.doubanio.com/view/note/l/public/p72442781.jpg""></div></div><p data-page=""0"">如何联系主观的经验和客观的观察一直是风景摄影的有趣之处。Raymond Depardon为我们交出了一份特别的答卷，他用温柔和批判的眼光审视了童年时的故乡——加雷农场。在他的作品中，亲密的家庭空间特写与土地、田野和动物的景色交替出现。</p><p data-page=""0"">然而我们似乎能隐约感受到，这片风景被一种不太真实的宁静所主导，城市化的迹象悄无声息溜进了画框：纵横交错的电线切割了天空，四四方方的金属薄片模糊了地平线。</p><div class=""image-container image-float-center""><div class=""image-wrapper""><img height=""auto"" src=""https://img9.doubanio.com/view/note/l/public/p72442967.jpg""></div></div><p></p><div class=""image-container image-float-center""><div class=""image-wrapper""><img height=""auto"" src=""https://img9.doubanio.com/view/note/l/public/p72442965.jpg""></div></div><p data-page=""0"">如同Robert Adams在「新西部」中对城市化和工业化的关注，法国摄影师也敏锐地抓住了时代的脉搏。</p><p data-page=""0"">Sophie Ristelhueber的作品巧妙地描绘了土木与道路工程的发展。高速公路和铁路从图像的一边划过穿到到另一边。被切割的地势似乎象征着规划者的权力。Alain Ceccaroli镜头下的道路则要曲折得多，它们环绕着土地的曲线，小心翼翼地滑入地势的褶皱中。</p><div class=""image-container image-float-center""><div class=""image-wrapper""><img height=""auto"" src=""https://img9.doubanio.com/view/note/l/public/p72442973.jpg""></div></div><p></p><div class=""image-container image-float-center""><div class=""image-wrapper""><img height=""auto"" src=""https://img9.doubanio.com/view/note/l/public/p72442974.jpg""></div></div><p></p><div class=""image-container image-float-center""><div class=""image-wrapper""><img height=""auto"" src=""https://img9.doubanio.com/view/note/l/public/p72442976.jpg""></div></div><p data-page=""0"">沿着高速公路，我们渐渐驶入城市。在那里，摄影师Jean-Louis Garnell着迷于都市的平庸。他穿过那些无名但又熟悉的地域，敏锐地观察着城市中心的另一面：从交通圈到建筑工地，他刻画着那些过渡的空间和它们自身的变化。</p><div class=""image-container image-float-center""><div class=""image-wrapper""><img height=""auto"" src=""https://img9.doubanio.com/view/note/l/public/p72442992.jpg""></div></div><p></p><div class=""image-container image-float-center""><div class=""image-wrapper""><img height=""auto"" src=""https://img9.doubanio.com/view/note/l/public/p72442991.jpg""></div></div><p data-page=""0"">另一位回到城市里的摄影师Dominique Auerbacher，则选择去追随那些给予城市活力，离散而往往是静止的轮廓。在同质的城市里，在寻常的场所中，在毫无意义的姿态下，时间似乎留驻而身份逐渐消散。</p><p data-page=""0"">他毫无征兆地带领我们从一个城市漫游到另一个城市，跨过那些边界，对比这那些似曾相识的公共空间。</p><div class=""image-container image-float-center""><div class=""image-wrapper""><img height=""auto"" src=""https://img9.doubanio.com/view/note/l/public/p72442994.jpg""></div></div><p></p><div class=""image-container image-float-center""><div class=""image-wrapper""><img height=""auto"" src=""https://img9.doubanio.com/view/note/l/public/p72442993.jpg""></div></div><p data-page=""0"">在法国的现代化与城市化进程当中，「辉煌三十年」（1945-1975）是一个关键的时刻。彼时诸多大型集中住宅（grand ensemble）拔地而起，包围了城市。各地大兴土木，完全改变了城市的景观。</p><p data-page=""0"">比如在Holger Trulzsch的马赛景色中，高速公路和高架桥耸立，包围了楼宇，扰乱了视线。城市空间不断延伸，似乎不再受到任何限制。甚至连偏远的小渔港Vallon des Auffes也无法躲避混凝土块的威胁。</p><div class=""image-container image-float-center""><div class=""image-wrapper""><img height=""auto"" src=""https://img9.doubanio.com/view/note/l/public/p72443010.jpg""></div></div><p data-page=""0"">而另一边的Josef Koudelka，则选用了全景相机去拍摄法国北部的城市和工业空间，诸如巴黎和洛林地区。在那里，城市与经济的发展留下的似乎也不仅仅是繁荣。</p><div class=""image-container image-float-center""><div class=""image-wrapper""><img height=""auto"" src=""https://img9.doubanio.com/view/note/l/public/p72443008.jpg""></div></div><p data-page=""0"">Bernard Birsinger则在辉煌时代后的工业废墟中漫步。</p><div class=""image-container image-float-center""><div class=""image-wrapper""><img height=""auto"" src=""https://img9.doubanio.com/view/note/l/public/p72443060.jpg""></div></div><p data-page=""0"">作为这个项目中最年长的艺术家，伟大的人文主义摄影师Robert Doisneau，他的摄影则记录了一整个时代的变化。从40年代巴黎郊区宁静美好的社区，再到用彩色照片拍摄的水泥森林。他的照片为集体的记忆留下了珍贵的影像。</p><div class=""image-container image-float-center""><div class=""image-wrapper""><img height=""auto"" src=""https://img9.doubanio.com/view/note/l/public/p72443011.jpg""></div></div><p></p><div class=""image-container image-float-center""><div class=""image-wrapper""><img height=""auto"" src=""https://img9.doubanio.com/view/note/l/public/p72443012.jpg""></div></div><p></p><div class=""image-container image-float-center""><div class=""image-wrapper""><img height=""auto"" src=""https://img9.doubanio.com/view/note/l/public/p72443020.jpg""></div></div><p data-page=""0"">一些艺术家们用摄影作为思考的工具，打量着时代的发展与变化。而另一些则在形式和观念的边界上探索。</p><p data-page=""0"">意大利摄影师Gabriele Basilico沿着法国北部海岸漫步。从敦刻尔克（Dunkerque）到圣米歇尔山（Mont Saint-Michel），他穿梭于港口和海滨胜地，用「慢镜头」（lenteur du regard）呈现了一种近乎雕塑般的质感。</p><div class=""image-container image-float-center""><div class=""image-wrapper""><img height=""auto"" src=""https://img9.doubanio.com/view/note/l/public/p72443018.jpg""></div></div><p></p><div class=""image-container image-float-center""><div class=""image-wrapper""><img height=""auto"" src=""https://img9.doubanio.com/view/note/l/public/p72443023.jpg""></div></div><p></p><div class=""image-container image-float-center""><div class=""image-wrapper""><img height=""auto"" src=""https://img9.doubanio.com/view/note/l/public/p72443024.jpg""></div></div><p data-page=""0"">而在法国南部耀眼的阳光下，「新地形」摄影的发起者、美国人Lewis Baltz将目光投向了地面，他着眼于那些可能大兴土木的地域。在其观念性极强的作品中，他用21张照片展示从一个景观过渡到另一个景观的微小变化。</p><div class=""image-container image-float-center""><div class=""image-wrapper""><img height=""auto"" src=""https://img9.doubanio.com/view/note/l/public/p72443025.jpg""></div></div><p></p><div class=""image-container image-float-center""><div class=""image-wrapper""><img height=""auto"" src=""https://img9.doubanio.com/view/note/l/public/p72443026.jpg""></div></div><p></p><div class=""image-container image-float-center""><div class=""image-wrapper""><img height=""auto"" src=""https://img9.doubanio.com/view/note/l/public/p72443038.jpg""></div></div><p></p><div class=""image-container image-float-center""><div class=""image-wrapper""><img height=""auto"" src=""https://img9.doubanio.com/view/note/l/public/p72443037.jpg""></div></div><p></p><div class=""image-container image-float-center""><div class=""image-wrapper""><img height=""auto"" src=""https://img9.doubanio.com/view/note/l/public/p72443043.jpg""></div></div><p></p><div class=""image-container image-float-center""><div class=""image-wrapper""><img height=""auto"" src=""https://img9.doubanio.com/view/note/l/public/p72443044.jpg""></div></div><p data-page=""0"">Tom Drahos表现城市的方法也有别于其他摄影师。他向我们展示了一个无法辨识的巴黎郊区。它在时间上固定，但在空间中飘荡。景色激增，形成了一系列离散而聚集的单色图像。作者从纯艺术的角度出发使用摄影，通过滤镜和取景画框，创造了一种与景观和媒介的新联系。</p><div class=""image-container image-float-center""><div class=""image-wrapper""><img height=""auto"" src=""https://img9.doubanio.com/view/note/l/public/p72443046.jpg""></div></div><p></p><div class=""image-container image-float-center""><div class=""image-wrapper""><img height=""auto"" src=""https://img9.doubanio.com/view/note/l/public/p72443049.jpg""></div></div><p data-page=""0"">Albert Giordan则更加先锋的采用了当时的新兴技术——数码蒙太奇（Photoshop前身）来制作自己的图像。通过拼贴与剪辑，摄影师将广告招牌变成了一种神秘的符号，在漆黑的天空下装饰有着金属薄板的立方体。</p><div class=""image-container image-float-center""><div class=""image-wrapper""><img height=""auto"" src=""https://img9.doubanio.com/view/note/l/public/p72443050.jpg""></div></div><p data-page=""0"">Marc Deneyer图像中的图腾从田野中升起，景色摇摇欲坠。而在Suzanne Lafont的作品中，风景则变得柔和起来：陆地、海洋和天空的三种元素在一系列交错的平面中兼容并蓄。François Hers的摄影则向抽象更迈进了一步，似乎只需用地平线将视野裁断，便足以生成风景。</p><div class=""image-container image-float-center""><div class=""image-wrapper""><img height=""auto"" src=""https://img9.doubanio.com/view/note/l/public/p72443071.jpg""></div></div><p></p><div class=""image-container image-float-center""><div class=""image-wrapper""><img height=""auto"" src=""https://img9.doubanio.com/view/note/l/public/p72443072.jpg""></div></div><p></p><div class=""image-container image-float-center""><div class=""image-wrapper""><img height=""auto"" src=""https://img9.doubanio.com/view/note/l/public/p72443051.jpg""></div></div><p></p><div class=""image-container image-float-center""><div class=""image-wrapper""><img height=""auto"" src=""https://img9.doubanio.com/view/note/l/public/p72443059.jpg""></div></div><p data-page=""0"">如同摄影师们所展示的，在不断工业化和城市化的法国，以往的风景样式——「宁静的天空、翠绿的草地、茂密的树林、安静的村庄和小镇的钟楼」——将难以为继。尽管这样的传统由来已久，从「在风景如画的老法国浪漫旅行」（1820到1878出版的煌煌巨著）到密特朗1981年的竞选海报，我们都能看到它的痕迹。但正如Jean-François Chevrier所说，摄影师们试图揭下的，恰恰就是这些「魅力风景的面具」。不论是Raymond Depardon镜头下悄悄变化的农场还是Robert Doisneau视野下极速变化的城市，那些传统的风景经验将不再成立。摄影师在记录国家风景的同时，也创造了新的经验本身。</p><p></p>"
矿业诗歌评论,https://www.douban.com/note/704839086/,2019-01-24 19:18:26,2020-12-18 10:12:28,"<p data-align=""left"">如何为矿业写诗？如果罗盘失灵，黑夜中的银矿也无法照亮。我们身伏巨兽在巨浪中攀爬，水银测量着我们的心跳。</p><p data-align=""left"">“世界生来就是倾斜的”，船长为猫理财早已失去了心智，眼望海岸的金丝却误以为是灯塔，逼我们撬开矿井深处的鬼屋。</p><p data-align=""left"">船舱之大竟容得下三张赌桌，“这是我们脆弱不堪的寓言”，水手下注如咬住，这海浪中的牙床，</p><p data-align=""left"">在最后一刻也紧紧抓住最新一期的矿业诗歌评论，那里有沉船在蛛网般乳白色的大海里沉睡，扉页上写着：</p><p data-align=""left"">“无论战斗如何激烈，我们都应该在诗内做结""</p>"
就我所知的法国当代社会学家们,https://www.douban.com/note/693887927/,2018-10-21 01:49:33,2021-01-01 19:52:03,"<p data-page=""0"">罗列一些名字和著作，仅供参考</p><p data-page=""0"">待补充</p><p></p><div class=""highlight-block"" data-page=""0"">THÉORIES</div><p data-page=""0""><span style=""font-weight: bold;"">Bernard Lahire </span>Bourdieu派系的主要传承者，”里昂学派“老大；相较于布氏没有那么决定论和宿命论，与田野和具体的人关系更加紧密；核心思想 Socialisations/Dispositions；代表作有 「L'homme pluriel」、「 À quoi sert la sociologie」、「 L'esprit sociologique」；现在好像在重读Freud，做梦与社会学方面的研究</p><p data-page=""0""><span style=""font-weight: bold;"">Bruno Latour </span>自成一派的体系，更多被看作哲学家？已有不少中文译介</p><p data-page=""0""><span style=""font-weight: bold;"">Luc Boltanski </span>是的，这个名字为何如此耳熟，他是Christian Boltanski的哥哥；</p><p></p><p></p><div class=""highlight-block"" data-page=""0"">ENQUÊTES</div><p data-page=""0""><span style=""font-weight: bold;"">Muriel Darmon </span>聚焦socialisations的社会学家；代表作 「Devenir anorexique」<span style=""font-style: italic;""> </span>研究厌食症；「Classes préparatoires」研究备考班（进入法国精英大学的重要途径）提出了不同于 Foucault 和Goffman 版本的第三种Institution形态；研究过fitness，然后因为无法坚持节食放弃了</p><p data-page=""0""><span style=""font-weight: bold;"">Olivier Schwartz </span>「Le Monde privé des ouvriers」<span style=""font-style: italic;""> </span>工人群体和ethnographie这个研究方法里面不可绕过的经典</p><p data-page=""0""><span style=""font-weight: bold;"">Monique Pinçon-Charlot</span> 少有的做上层阶级研究的社会学家</p><p data-page=""0""><span style=""font-weight: bold;"">Stéphane Beau </span></p><p data-page=""0""><span style=""font-weight: bold;"">François Dubet</span></p><p data-page=""0""><span style=""font-weight: bold;"">Loïc Wacquant</span></p><p data-page=""0""><span style=""font-weight: bold;"">Nicolas Mariot</span></p><p data-page=""0""><span style=""font-weight: bold;"">Michael Pollak</span></p><p data-page=""0""><span style=""font-weight: bold;"">Didier Demazière</span></p><p></p><p></p><div class=""highlight-block"" data-page=""0"">ÉPISTÉMOLOGIES</div><p data-page=""0"">「Le Raisonnement sociologique」<span style=""font-style: italic;"">，</span><span style=""font-weight: bold;"">Jean-Claude Passeron </span>的著作 社科领域至今为止最好的一本épistémologie专著</p><p data-page=""0"">「Le Savant et le Populaire」<span style=""font-style: italic;"">, </span><span style=""font-weight: bold;"">Claude Grignon </span>和 <span style=""font-weight: bold;"">Passeron</span>合著，批评了Bourdieu的精英主义，区分了文学/社会学中的精英主义和相对主义</p><p></p><p></p><div class=""highlight-block"" data-page=""0"">SAVOIR-FAIRE </div><p data-page=""0""><span style=""font-weight: bold;"">一些关于方法的书&amp;文章</span></p><p data-page=""0"">「Guide de l'enquête sur terrain」<span style=""font-weight: bold;"">Stéphane Beaud</span> &amp; <span style=""font-weight: bold;"">Florence Weber</span></p><p data-page=""0"">「L'illusion biographique」 <span style=""font-weight: bold;"">Bourdieu</span> </p><p data-page=""0"">「Comprendre」 <span style=""font-weight: bold;"">Bourdieu</span> </p><p data-page=""0"">「Le psychiatre, la sociologue et la boulangère : analyse d’un refus de terrain」<span style=""font-weight: bold;""> Muriel Darmon</span></p><p data-page=""0"">「Usages probatoire et exploratoire de l’entretien unique」 <span style=""font-weight: bold;"">Pascal Ragouet</span></p><p data-page=""0"">「Risquer l'interprétation」<span style=""font-weight: bold;"">Bernard Lahire</span></p><p data-page=""0"">「L'entretien biographique」<span style=""font-weight: bold;"">Demazière</span>
</p><p></p><p></p><div class=""highlight-block"" data-page=""0"">REVUES</div><p data-page=""0""><span style=""font-weight: bold;"">最主要的一些平台：Persée, OpenEdition,Cairn.info, Érudit</span></p><ul><li class=""unordered-list-item"">Actes de la recherche en sciences sociales （Bourdieu创建）</li><li class=""unordered-list-item"">L'Année sociologique （Durkheim创建）</li><li class=""unordered-list-item"">Genèses （社会学人类学历史跨学科期刊；希望推进社科大融合；其中有个栏目叫Savoir-Faire非常实用）</li><li class=""unordered-list-item"">Sociologie</li><li class=""unordered-list-item"">Sociétés contemporaines</li><li class=""unordered-list-item"">Enquête （跨学科期刊，重点应该是落在ethnographie风格的研究方法上）</li><li class=""unordered-list-item"">Cahiers internationaux de sociologie</li><li class=""unordered-list-item"">Ethnologie française</li><li class=""unordered-list-item"">Revue française de sociologie</li></ul><p></p><ul><li class=""unordered-list-item"">Réseaux</li><li class=""unordered-list-item"">Annales 历史年鉴</li><li class=""unordered-list-item"">Agora （青年群体相关）</li><li class=""unordered-list-item"">Cahiers du genre</li><li class=""unordered-list-item"">Espaces et société</li><li class=""unordered-list-item"">Mouvements</li><li class=""unordered-list-item"">Politix （政治社会学相关）</li></ul><p></p><p></p>"
巨人的肩膀,https://www.douban.com/note/540985230/,2016-02-23 08:01:51,2019-04-21 01:34:34,<p>站在巨人的肩膀上并不有助于你看得更远，因为正是他的肩膀本身构成了新的平原。</p><p></p>
在饭桌一角偶遇双黄蛋,https://www.douban.com/note/525602343/,2015-11-21 07:43:12,2015-11-26 06:09:29,&nbsp;<br>在一张不的鸡蛋里敲出的两只是非：<br>其中一只是戴着魔鬼发卡同卵双生的天使学<br>而另一只是栖身在浸不透的墨水并不存在的纸背<br>他们上演着不拔一毛遁身于无形的双偶剧<br>用木偶的提线绞死了那不提线的牧师<br>并抱怨那卖唱的竟不是哑剧给盲人的洗脑术<br><br>他们绝不会申明，“末日在断断续续地来临”，并推销<br>“尽管是爱情也可以在临终时分期付款，和<br>尽管去小活，但是不要大意“<br>谁知道，披着霉人做的偶像包袱没人卖得出去<br>这荒诞爱的彩蛋<br>我不能同情他们的鸡妈却献上新词做的旧酒，并祝愿<br>这是与不是的非非
烂小说,https://www.douban.com/note/514132073/,2015-08-25 00:14:14,2019-04-21 01:34:47,<p>有一种小说并不用文字书写，因而必不被看见。</p>
巴别塔哟,https://www.douban.com/note/508805169/,2015-07-17 21:56:43,2019-04-21 01:34:05,"<p>                                                                                                                              献给R


巴别塔的历史故事总是与一些奇闻臆想混淆在一起，障人眼目，难辨真假。

其中最荒诞的一说提及吸血鬼狼人妖精矮人族哥布林等各种歪门邪道，不仅与人类和睦相处还能各司其职。若次说成立，那日间吸血鬼的活动范围定是日后日规的雏形咯。

还有一种关于巴别塔停工的说法，说问题既没有出在上帝的阻挠或是语言的区隔上，而是当通天塔修筑到与日光齐平的时候，人们对于“天”的定义发生了严重的分歧，有人认为应该向东方进发，修成一个倒L型，有人则认为是西方，更有极端主义者认为塔的方向从一开始就修反了（私底下特德姜很赞同这样的观点）！

值得庆幸的是，有一点我们可以确认，那就是语言学家证明，我们最初使用的语言并不是基于口腔的声音语，而是一套由复杂手势和肢体动作形成的手语。不过此种手语为何在巴别塔修筑期间逐渐衰落，学界尚无定论。值得一提的一个观点认为，饱受榨取的底层劳动人民因日晒雨淋和辛苦劳作而日渐磨损的四肢失去了与上层贵族交流的能力，而这种表达的匮乏又进一步加剧了他们窘迫的境地，直到有一天，他们集体地向猿猴怒吼道：NO！
</p><p></p>"
快递,https://www.douban.com/note/502360848/,2015-06-04 00:44:33,2019-04-21 01:33:34,"<p>最新的研究结果指出，“恼人的快递员”从结构上来说是和电话线同构的，重复，螺旋，纠缠。这在雷蒙德卡佛的著述里面被称作“星期天我正在修屋顶的时候，亚瑟来了”；在村上春树的论文中被叫做“闷热的下午竟然怎么也找不到勃拉姆斯的细纹唱片”；在托马斯卡洛尔的百科词典中，它甚至有一个专门的名词写做：“nrdkdy”，意即一篇由快递员联想而出却最终失传的小说。

然而快递员（或者司机）真正的恼人之处其实并不在于时间坐标上的不稳定性，而在于这个被抽象为单词既而成为字符的形象体现了词汇或者说语言危险的繁殖能力。它亦如从实体中被抽离出来的，带有金属质感的灵魂小球，在离体的瞬间爆发迸射，复制和激变，其所涵盖的概念与内容在短短的几秒内就超出了人类自身。</p><p></p>"
漂流博物馆,https://www.douban.com/note/501716398/,2015-05-30 16:07:02,2019-04-21 01:30:48,"<p>漂流博物馆发现于最后一次银河纪人类文明遗迹考古行动中，是本次行动最突出的发现，也为其后的人类艺术史研究提供了非常丰富的史料。当时考古队第四分队的地质学博士Charlie在极其偶然的情况下发现了这个飘荡于小行星带的超小型宇宙飞船，此类飞船常因发掘难度和史料价值等因素而被考古团队刻意忽略。据推测，博物馆隶属于银河纪元人类文明种子计划的最后一批，因无人驾驶系统故障而留滞于小行星带。

漂流博物馆后来也被一些学者叫做漂流图书馆。其中包含的所谓的“图书”，已与我们现在所理解的书本概念大相径庭。不同于种子计划中存放生物样本的大型飞船，博物馆在体量和标识方面都很难引起人们的注意，其内部结构除大致可以分成五个空间，除开动力装置其余区域均为方形的大型展厅：最里面一间是图像资料区，存放着人类历史上重要的艺术影像资料，内容涉及绘画、电影、戏剧、和舞蹈等多个领域；第二间是声音资料区，存放着人类诸多语言和音乐资料；第三间是文字资料区，以电子信息的方式，储存了大量的小说、诗歌和哲学著作；最后一间最为宽阔，是实物资料区，存放着诸如摄影机、胶卷、方尖碑、甲骨文、绳结、羊皮、画布、戏剧舞台、纸张和电子屏幕等物质史料。

Charlie博士最早对博物馆的存在形式提出了疑问，倘若是为了保存人类文明的重要信息，直接将其电子化处理存放在电脑中即可，何必大费周章地保存诸如石碑、实体书本等物质资料。人类史学家指出，人类文明信息的传播，载体与信息本身是可以分离的，博物馆要保存的并非仅仅是信息本身也包括的信息的载体。

人类艺术史研究专家在对馆藏的大量资料进行了还原、对比研究后提出，人类的艺术始于绘画而止于文字，其过程总得来说是象征形式由直接到间接，由线性到网状，由一层到多层，由一对一到一对无穷的进化史。有学者概括，人类的艺术形式是象征性的，绘画、舞蹈、电影和文学等艺术形式的边界实际上十分模糊。这一切的滥觞是人类语言自身，其形态也是通过对实体事物的抽象和对假想事物的映射来建构的。因而一切的艺术形态归根结底不过是另一种形式的“图书”。漂流的人类文明博物馆实际上是关于“图书”的博物馆，也就是“象征”形式的博物馆。

此类说法不免过于泛论。有学者继而提出另一种悲观的看法，认为人类文明的衰败正是由于象征的滥用。象征独立于书本、纸张以及其他一切信息的载体存在、发展、蔓延，超出了人力所能控制的范围，继而挣脱了地心引力飘荡于了无人烟的时光之中。种子计划是人类文明的救赎，而漂流博物馆不过是人类封存象征的最后一次尝试。
</p><p></p>"